kmer,frequency,occurrence,position,combined_score
CCTTC,0.17886178861788618,0.16260162601626016,0.003723764387271496,0.3451871790214178
AGAGA,0.17073170731707318,0.14634146341463414,0.0035545023696682463,0.3206276731013756
GAGAG,0.15447154471544716,0.14634146341463414,0.003215978334461747,0.304028986464543
TCCCG,0.13008130081300814,0.13008130081300814,0.002708192281651997,0.26287079390766827
TTCGA,0.13008130081300814,0.13008130081300814,0.002708192281651997,0.26287079390766827
TCTGC,0.13821138211382114,0.11382113821138211,0.002877454299255247,0.25490997462445847
AGATT,0.12195121951219512,0.12195121951219512,0.0025389302640487473,0.246441369288439
AATTC,0.12195121951219512,0.12195121951219512,0.0025389302640487473,0.246441369288439
GAGAA,0.13008130081300814,0.10569105691056911,0.002708192281651997,0.23848055000522925
ACAGA,0.12195121951219512,0.11382113821138211,0.0025389302640487473,0.238311287987626
CGAGA,0.12195121951219512,0.11382113821138211,0.0025389302640487473,0.238311287987626
ACCTC,0.12195121951219512,0.11382113821138211,0.0025389302640487473,0.238311287987626
TCTTC,0.11382113821138211,0.11382113821138211,0.002369668246445498,0.2300119446692097
CTGCA,0.11382113821138211,0.10569105691056911,0.002369668246445498,0.22188186336839671
CTTCT,0.11382113821138211,0.10569105691056911,0.002369668246445498,0.22188186336839671
CCGCC,0.13008130081300814,0.08130081300813008,0.002708192281651997,0.21409030610279023
ATTCC,0.10569105691056911,0.10569105691056911,0.002200406228842248,0.21358252004998046
GATTG,0.10569105691056911,0.10569105691056911,0.002200406228842248,0.21358252004998046
CGAGT,0.10569105691056911,0.10569105691056911,0.002200406228842248,0.21358252004998046
ATTGC,0.10569105691056911,0.10569105691056911,0.002200406228842248,0.21358252004998046
GAAAA,0.10569105691056911,0.10569105691056911,0.002200406228842248,0.21358252004998046
CGAAA,0.10569105691056911,0.10569105691056911,0.002200406228842248,0.21358252004998046
AGGAA,0.10569105691056911,0.0975609756097561,0.002200406228842248,0.20545243874916744
ACTGC,0.10569105691056911,0.0975609756097561,0.002200406228842248,0.20545243874916744
AAATC,0.10569105691056911,0.0975609756097561,0.002200406228842248,0.20545243874916744
GATTC,0.10569105691056911,0.08943089430894309,0.002200406228842248,0.19732235744835444
TTCTG,0.10569105691056911,0.08943089430894309,0.002200406228842248,0.19732235744835444
AGGGA,0.0975609756097561,0.0975609756097561,0.002031144211238998,0.1971530954307512
GCGAG,0.0975609756097561,0.0975609756097561,0.002031144211238998,0.1971530954307512
ATCCA,0.0975609756097561,0.0975609756097561,0.002031144211238998,0.1971530954307512
TCACC,0.0975609756097561,0.0975609756097561,0.002031144211238998,0.1971530954307512
TCGAG,0.0975609756097561,0.0975609756097561,0.002031144211238998,0.1971530954307512
TCGCA,0.0975609756097561,0.0975609756097561,0.002031144211238998,0.1971530954307512
AGTAC,0.0975609756097561,0.0975609756097561,0.002031144211238998,0.1971530954307512
CTCTC,0.0975609756097561,0.0975609756097561,0.002031144211238998,0.1971530954307512
CTTCA,0.0975609756097561,0.0975609756097561,0.002031144211238998,0.1971530954307512
GGATC,0.0975609756097561,0.0975609756097561,0.002031144211238998,0.1971530954307512
GTTCG,0.0975609756097561,0.0975609756097561,0.002031144211238998,0.1971530954307512
CGTTT,0.0975609756097561,0.0975609756097561,0.002031144211238998,0.1971530954307512
TCGAA,0.0975609756097561,0.0975609756097561,0.002031144211238998,0.1971530954307512
AATCC,0.0975609756097561,0.0975609756097561,0.002031144211238998,0.1971530954307512
ATCAC,0.0975609756097561,0.0975609756097561,0.002031144211238998,0.1971530954307512
ATTCT,0.0975609756097561,0.08943089430894309,0.002031144211238998,0.18902301412993822
GGAGA,0.0975609756097561,0.08943089430894309,0.002031144211238998,0.18902301412993822
AGAGG,0.0975609756097561,0.08943089430894309,0.002031144211238998,0.18902301412993822
TTGCA,0.0975609756097561,0.08943089430894309,0.002031144211238998,0.18902301412993822
AGCGA,0.0975609756097561,0.08943089430894309,0.002031144211238998,0.18902301412993822
AGCGT,0.0975609756097561,0.08943089430894309,0.002031144211238998,0.18902301412993822
TTCCT,0.0975609756097561,0.08943089430894309,0.002031144211238998,0.18902301412993822
GTTTC,0.0975609756097561,0.08943089430894309,0.002031144211238998,0.18902301412993822
GCGTT,0.0975609756097561,0.08943089430894309,0.002031144211238998,0.18902301412993822
TTCAA,0.0975609756097561,0.08943089430894309,0.002031144211238998,0.18902301412993822
TTCAG,0.0975609756097561,0.08943089430894309,0.002031144211238998,0.18902301412993822
AGAAA,0.0975609756097561,0.08943089430894309,0.002031144211238998,0.18902301412993822
TGCTG,0.0975609756097561,0.08130081300813008,0.002031144211238998,0.1808929328291252
GGAAA,0.0975609756097561,0.08130081300813008,0.002031144211238998,0.1808929328291252
CCCAC,0.0975609756097561,0.08130081300813008,0.002031144211238998,0.1808929328291252
AGATA,0.08943089430894309,0.08943089430894309,0.001861882193635748,0.18072367081152194
AAACC,0.08943089430894309,0.08943089430894309,0.001861882193635748,0.18072367081152194
TTCTC,0.08943089430894309,0.08943089430894309,0.001861882193635748,0.18072367081152194
TCTCG,0.08943089430894309,0.08943089430894309,0.001861882193635748,0.18072367081152194
ACCTT,0.08943089430894309,0.08943089430894309,0.001861882193635748,0.18072367081152194
TACCT,0.08943089430894309,0.08943089430894309,0.001861882193635748,0.18072367081152194
TCTTG,0.08943089430894309,0.08943089430894309,0.001861882193635748,0.18072367081152194
TTCCG,0.08943089430894309,0.08943089430894309,0.001861882193635748,0.18072367081152194
AACGT,0.08943089430894309,0.08943089430894309,0.001861882193635748,0.18072367081152194
TCCTT,0.08943089430894309,0.08943089430894309,0.001861882193635748,0.18072367081152194
TATTC,0.08943089430894309,0.08943089430894309,0.001861882193635748,0.18072367081152194
TCCGT,0.08943089430894309,0.08943089430894309,0.001861882193635748,0.18072367081152194
AGAAC,0.08943089430894309,0.08943089430894309,0.001861882193635748,0.18072367081152194
CTTCG,0.08943089430894309,0.08943089430894309,0.001861882193635748,0.18072367081152194
CAGAA,0.08943089430894309,0.08943089430894309,0.001861882193635748,0.18072367081152194
CAGAG,0.08943089430894309,0.08943089430894309,0.001861882193635748,0.18072367081152194
CATTG,0.08943089430894309,0.08943089430894309,0.001861882193635748,0.18072367081152194
AAGAG,0.08943089430894309,0.08943089430894309,0.001861882193635748,0.18072367081152194
TTTAC,0.08943089430894309,0.08943089430894309,0.001861882193635748,0.18072367081152194
GCCGC,0.10569105691056911,0.06504065040650407,0.002200406228842248,0.17293211354591542
CGCCT,0.0975609756097561,0.07317073170731707,0.002031144211238998,0.17276285152831217
CTGCG,0.08943089430894309,0.08130081300813008,0.001861882193635748,0.1725935895107089
CACAC,0.08943089430894309,0.08130081300813008,0.001861882193635748,0.1725935895107089
TCATC,0.08943089430894309,0.08130081300813008,0.001861882193635748,0.1725935895107089
CCTCC,0.08943089430894309,0.08130081300813008,0.001861882193635748,0.1725935895107089
AGAGC,0.08943089430894309,0.08130081300813008,0.001861882193635748,0.1725935895107089
TCTCC,0.08943089430894309,0.08130081300813008,0.001861882193635748,0.1725935895107089
TCTCT,0.08943089430894309,0.08130081300813008,0.001861882193635748,0.1725935895107089
CGCCG,0.0975609756097561,0.06504065040650407,0.002031144211238998,0.16463277022749917
TCACA,0.08130081300813008,0.08130081300813008,0.0016926201760324984,0.16429424619229266
TTGGC,0.08130081300813008,0.08130081300813008,0.0016926201760324984,0.16429424619229266
TTTCC,0.08130081300813008,0.08130081300813008,0.0016926201760324984,0.16429424619229266
TCACT,0.08130081300813008,0.08130081300813008,0.0016926201760324984,0.16429424619229266
GAGTT,0.08130081300813008,0.08130081300813008,0.0016926201760324984,0.16429424619229266
ATCGA,0.08130081300813008,0.08130081300813008,0.0016926201760324984,0.16429424619229266
TCCAC,0.08130081300813008,0.08130081300813008,0.0016926201760324984,0.16429424619229266
ATATC,0.08130081300813008,0.08130081300813008,0.0016926201760324984,0.16429424619229266
ATCTT,0.08130081300813008,0.08130081300813008,0.0016926201760324984,0.16429424619229266
GAAGA,0.08130081300813008,0.08130081300813008,0.0016926201760324984,0.16429424619229266
CAACG,0.08130081300813008,0.08130081300813008,0.0016926201760324984,0.16429424619229266
CAGTA,0.08130081300813008,0.08130081300813008,0.0016926201760324984,0.16429424619229266
CAGCG,0.08130081300813008,0.08130081300813008,0.0016926201760324984,0.16429424619229266
TCCGC,0.08130081300813008,0.08130081300813008,0.0016926201760324984,0.16429424619229266
CCGAG,0.08130081300813008,0.08130081300813008,0.0016926201760324984,0.16429424619229266
CAAAC,0.08130081300813008,0.08130081300813008,0.0016926201760324984,0.16429424619229266
CAGAT,0.08130081300813008,0.08130081300813008,0.0016926201760324984,0.16429424619229266
TCCAG,0.08130081300813008,0.08130081300813008,0.0016926201760324984,0.16429424619229266
TATAC,0.08130081300813008,0.08130081300813008,0.0016926201760324984,0.16429424619229266
TTTGC,0.08130081300813008,0.08130081300813008,0.0016926201760324984,0.16429424619229266
GGGAA,0.08130081300813008,0.08130081300813008,0.0016926201760324984,0.16429424619229266
CCTCA,0.08130081300813008,0.08130081300813008,0.0016926201760324984,0.16429424619229266
GACGA,0.08130081300813008,0.08130081300813008,0.0016926201760324984,0.16429424619229266
CCTCT,0.08130081300813008,0.08130081300813008,0.0016926201760324984,0.16429424619229266
CCCGT,0.08130081300813008,0.08130081300813008,0.0016926201760324984,0.16429424619229266
CTTCC,0.08130081300813008,0.08130081300813008,0.0016926201760324984,0.16429424619229266
AGAAT,0.08130081300813008,0.08130081300813008,0.0016926201760324984,0.16429424619229266
TTCTT,0.08130081300813008,0.08130081300813008,0.0016926201760324984,0.16429424619229266
TTCAC,0.08130081300813008,0.08130081300813008,0.0016926201760324984,0.16429424619229266
CGATT,0.08130081300813008,0.08130081300813008,0.0016926201760324984,0.16429424619229266
GCATC,0.08130081300813008,0.08130081300813008,0.0016926201760324984,0.16429424619229266
ACGAG,0.08130081300813008,0.07317073170731707,0.0016926201760324984,0.15616416489147966
ACACC,0.08130081300813008,0.07317073170731707,0.0016926201760324984,0.15616416489147966
CGCAA,0.08130081300813008,0.07317073170731707,0.0016926201760324984,0.15616416489147966
ATTCA,0.08130081300813008,0.07317073170731707,0.0016926201760324984,0.15616416489147966
CCAGA,0.08130081300813008,0.07317073170731707,0.0016926201760324984,0.15616416489147966
CACCA,0.08130081300813008,0.07317073170731707,0.0016926201760324984,0.15616416489147966
ATCTG,0.08130081300813008,0.07317073170731707,0.0016926201760324984,0.15616416489147966
CTACC,0.08130081300813008,0.07317073170731707,0.0016926201760324984,0.15616416489147966
GTGCT,0.08130081300813008,0.07317073170731707,0.0016926201760324984,0.15616416489147966
GAACC,0.08130081300813008,0.07317073170731707,0.0016926201760324984,0.15616416489147966
AGGAG,0.08130081300813008,0.07317073170731707,0.0016926201760324984,0.15616416489147966
GCGAA,0.08130081300813008,0.07317073170731707,0.0016926201760324984,0.15616416489147966
GAAAC,0.08130081300813008,0.07317073170731707,0.0016926201760324984,0.15616416489147966
GAGTA,0.08130081300813008,0.06504065040650407,0.0016926201760324984,0.14803408359066667
GACAC,0.08130081300813008,0.06504065040650407,0.0016926201760324984,0.14803408359066667
GACCT,0.08130081300813008,0.06504065040650407,0.0016926201760324984,0.14803408359066667
GATCC,0.07317073170731707,0.07317073170731707,0.0015233581584292485,0.14786482157306338
GATCT,0.07317073170731707,0.07317073170731707,0.0015233581584292485,0.14786482157306338
ATCCT,0.07317073170731707,0.07317073170731707,0.0015233581584292485,0.14786482157306338
GAATT,0.07317073170731707,0.07317073170731707,0.0015233581584292485,0.14786482157306338
GTTTG,0.07317073170731707,0.07317073170731707,0.0015233581584292485,0.14786482157306338
AGTAT,0.07317073170731707,0.07317073170731707,0.0015233581584292485,0.14786482157306338
AGTGG,0.07317073170731707,0.07317073170731707,0.0015233581584292485,0.14786482157306338
GTTCA,0.07317073170731707,0.07317073170731707,0.0015233581584292485,0.14786482157306338
GTATT,0.07317073170731707,0.07317073170731707,0.0015233581584292485,0.14786482157306338
GGTTT,0.07317073170731707,0.07317073170731707,0.0015233581584292485,0.14786482157306338
CCGTC,0.07317073170731707,0.07317073170731707,0.0015233581584292485,0.14786482157306338
GTTAT,0.07317073170731707,0.07317073170731707,0.0015233581584292485,0.14786482157306338
CCACT,0.07317073170731707,0.07317073170731707,0.0015233581584292485,0.14786482157306338
CCGCA,0.07317073170731707,0.07317073170731707,0.0015233581584292485,0.14786482157306338
TATCA,0.07317073170731707,0.07317073170731707,0.0015233581584292485,0.14786482157306338
TTATT,0.07317073170731707,0.07317073170731707,0.0015233581584292485,0.14786482157306338
ATTCG,0.07317073170731707,0.07317073170731707,0.0015233581584292485,0.14786482157306338
CCGTG,0.07317073170731707,0.07317073170731707,0.0015233581584292485,0.14786482157306338
ATCGC,0.07317073170731707,0.07317073170731707,0.0015233581584292485,0.14786482157306338
TGCAT,0.07317073170731707,0.07317073170731707,0.0015233581584292485,0.14786482157306338
ATACA,0.07317073170731707,0.07317073170731707,0.0015233581584292485,0.14786482157306338
ATACT,0.07317073170731707,0.07317073170731707,0.0015233581584292485,0.14786482157306338
TGGCG,0.07317073170731707,0.07317073170731707,0.0015233581584292485,0.14786482157306338
CGCAT,0.07317073170731707,0.07317073170731707,0.0015233581584292485,0.14786482157306338
GAACG,0.07317073170731707,0.07317073170731707,0.0015233581584292485,0.14786482157306338
TTCGC,0.07317073170731707,0.07317073170731707,0.0015233581584292485,0.14786482157306338
CGATC,0.07317073170731707,0.07317073170731707,0.0015233581584292485,0.14786482157306338
TTGCG,0.07317073170731707,0.07317073170731707,0.0015233581584292485,0.14786482157306338
AACCT,0.07317073170731707,0.07317073170731707,0.0015233581584292485,0.14786482157306338
AAACA,0.07317073170731707,0.07317073170731707,0.0015233581584292485,0.14786482157306338
CGAAC,0.07317073170731707,0.07317073170731707,0.0015233581584292485,0.14786482157306338
AGAAG,0.07317073170731707,0.07317073170731707,0.0015233581584292485,0.14786482157306338
AGGAC,0.07317073170731707,0.07317073170731707,0.0015233581584292485,0.14786482157306338
GCCGG,0.07317073170731707,0.07317073170731707,0.0015233581584292485,0.14786482157306338
TCCTA,0.07317073170731707,0.07317073170731707,0.0015233581584292485,0.14786482157306338
GGAAG,0.07317073170731707,0.07317073170731707,0.0015233581584292485,0.14786482157306338
ACCGA,0.07317073170731707,0.07317073170731707,0.0015233581584292485,0.14786482157306338
GCATT,0.07317073170731707,0.07317073170731707,0.0015233581584292485,0.14786482157306338
GCCGA,0.07317073170731707,0.07317073170731707,0.0015233581584292485,0.14786482157306338
CTCAC,0.07317073170731707,0.07317073170731707,0.0015233581584292485,0.14786482157306338
GCGCA,0.07317073170731707,0.07317073170731707,0.0015233581584292485,0.14786482157306338
TCGAT,0.07317073170731707,0.07317073170731707,0.0015233581584292485,0.14786482157306338
CAGAC,0.07317073170731707,0.07317073170731707,0.0015233581584292485,0.14786482157306338
ACGCA,0.07317073170731707,0.07317073170731707,0.0015233581584292485,0.14786482157306338
TACTG,0.07317073170731707,0.07317073170731707,0.0015233581584292485,0.14786482157306338
CAATC,0.07317073170731707,0.07317073170731707,0.0015233581584292485,0.14786482157306338
ACGTT,0.07317073170731707,0.07317073170731707,0.0015233581584292485,0.14786482157306338
GTACC,0.07317073170731707,0.07317073170731707,0.0015233581584292485,0.14786482157306338
ACGAA,0.07317073170731707,0.07317073170731707,0.0015233581584292485,0.14786482157306338
GTGTT,0.07317073170731707,0.07317073170731707,0.0015233581584292485,0.14786482157306338
ACTAC,0.08130081300813008,0.056910569105691054,0.0016926201760324984,0.13990400228985364
AATCG,0.07317073170731707,0.06504065040650407,0.0015233581584292485,0.13973474027225039
CGAGG,0.07317073170731707,0.06504065040650407,0.0015233581584292485,0.13973474027225039
CGGAA,0.07317073170731707,0.06504065040650407,0.0015233581584292485,0.13973474027225039
CCACC,0.07317073170731707,0.06504065040650407,0.0015233581584292485,0.13973474027225039
ACACA,0.07317073170731707,0.06504065040650407,0.0015233581584292485,0.13973474027225039
TACAC,0.07317073170731707,0.06504065040650407,0.0015233581584292485,0.13973474027225039
GGCCG,0.07317073170731707,0.06504065040650407,0.0015233581584292485,0.13973474027225039
GGATT,0.07317073170731707,0.06504065040650407,0.0015233581584292485,0.13973474027225039
TCCTC,0.07317073170731707,0.06504065040650407,0.0015233581584292485,0.13973474027225039
TATCG,0.07317073170731707,0.06504065040650407,0.0015233581584292485,0.13973474027225039
TACAG,0.07317073170731707,0.06504065040650407,0.0015233581584292485,0.13973474027225039
CACCC,0.07317073170731707,0.06504065040650407,0.0015233581584292485,0.13973474027225039
CACAG,0.07317073170731707,0.06504065040650407,0.0015233581584292485,0.13973474027225039
GCGCC,0.07317073170731707,0.06504065040650407,0.0015233581584292485,0.13973474027225039
CACCG,0.07317073170731707,0.06504065040650407,0.0015233581584292485,0.13973474027225039
AGGGG,0.07317073170731707,0.06504065040650407,0.0015233581584292485,0.13973474027225039
CGCAC,0.07317073170731707,0.06504065040650407,0.0015233581584292485,0.13973474027225039
TTGGA,0.07317073170731707,0.06504065040650407,0.0015233581584292485,0.13973474027225039
GGCGC,0.08130081300813008,0.04878048780487805,0.0016926201760324984,0.13177392098904062
GCAGC,0.07317073170731707,0.056910569105691054,0.0015233581584292485,0.13160465897143736
CCCGC,0.07317073170731707,0.056910569105691054,0.0015233581584292485,0.13160465897143736
ACCCA,0.07317073170731707,0.056910569105691054,0.0015233581584292485,0.13160465897143736
TTACT,0.06504065040650407,0.06504065040650407,0.0013540961408259986,0.13143539695383413
TTATA,0.06504065040650407,0.06504065040650407,0.0013540961408259986,0.13143539695383413
TTGCT,0.06504065040650407,0.06504065040650407,0.0013540961408259986,0.13143539695383413
TTCGT,0.06504065040650407,0.06504065040650407,0.0013540961408259986,0.13143539695383413
AAGCA,0.06504065040650407,0.06504065040650407,0.0013540961408259986,0.13143539695383413
CGCAG,0.06504065040650407,0.06504065040650407,0.0013540961408259986,0.13143539695383413
GAGAT,0.06504065040650407,0.06504065040650407,0.0013540961408259986,0.13143539695383413
GAGGG,0.06504065040650407,0.06504065040650407,0.0013540961408259986,0.13143539695383413
AAAAT,0.06504065040650407,0.06504065040650407,0.0013540961408259986,0.13143539695383413
TTTCA,0.06504065040650407,0.06504065040650407,0.0013540961408259986,0.13143539695383413
TTGTC,0.06504065040650407,0.06504065040650407,0.0013540961408259986,0.13143539695383413
TCAAA,0.06504065040650407,0.06504065040650407,0.0013540961408259986,0.13143539695383413
TCAGA,0.06504065040650407,0.06504065040650407,0.0013540961408259986,0.13143539695383413
CCGAT,0.06504065040650407,0.06504065040650407,0.0013540961408259986,0.13143539695383413
TGCGA,0.06504065040650407,0.06504065040650407,0.0013540961408259986,0.13143539695383413
ATTGG,0.06504065040650407,0.06504065040650407,0.0013540961408259986,0.13143539695383413
TGGAG,0.06504065040650407,0.06504065040650407,0.0013540961408259986,0.13143539695383413
GTATC,0.06504065040650407,0.06504065040650407,0.0013540961408259986,0.13143539695383413
ATCTC,0.06504065040650407,0.06504065040650407,0.0013540961408259986,0.13143539695383413
GGCTT,0.06504065040650407,0.06504065040650407,0.0013540961408259986,0.13143539695383413
ACAAC,0.06504065040650407,0.06504065040650407,0.0013540961408259986,0.13143539695383413
AGCCG,0.06504065040650407,0.06504065040650407,0.0013540961408259986,0.13143539695383413
AGCCT,0.06504065040650407,0.06504065040650407,0.0013540961408259986,0.13143539695383413
TATCT,0.06504065040650407,0.06504065040650407,0.0013540961408259986,0.13143539695383413
TGGTC,0.06504065040650407,0.06504065040650407,0.0013540961408259986,0.13143539695383413
GTCAT,0.06504065040650407,0.06504065040650407,0.0013540961408259986,0.13143539695383413
TTTCT,0.06504065040650407,0.06504065040650407,0.0013540961408259986,0.13143539695383413
GGAGT,0.06504065040650407,0.06504065040650407,0.0013540961408259986,0.13143539695383413
GGAAC,0.06504065040650407,0.06504065040650407,0.0013540961408259986,0.13143539695383413
CAGCC,0.06504065040650407,0.06504065040650407,0.0013540961408259986,0.13143539695383413
GGGGC,0.06504065040650407,0.06504065040650407,0.0013540961408259986,0.13143539695383413
TACTT,0.06504065040650407,0.06504065040650407,0.0013540961408259986,0.13143539695383413
CGTTC,0.06504065040650407,0.06504065040650407,0.0013540961408259986,0.13143539695383413
TCTAC,0.06504065040650407,0.06504065040650407,0.0013540961408259986,0.13143539695383413
GGACA,0.06504065040650407,0.06504065040650407,0.0013540961408259986,0.13143539695383413
CCAGT,0.06504065040650407,0.06504065040650407,0.0013540961408259986,0.13143539695383413
TGCAG,0.06504065040650407,0.06504065040650407,0.0013540961408259986,0.13143539695383413
TCGGA,0.06504065040650407,0.06504065040650407,0.0013540961408259986,0.13143539695383413
CTCGA,0.06504065040650407,0.06504065040650407,0.0013540961408259986,0.13143539695383413
GCGAT,0.06504065040650407,0.06504065040650407,0.0013540961408259986,0.13143539695383413
AAAGC,0.06504065040650407,0.06504065040650407,0.0013540961408259986,0.13143539695383413
CACTG,0.06504065040650407,0.06504065040650407,0.0013540961408259986,0.13143539695383413
TACCG,0.06504065040650407,0.06504065040650407,0.0013540961408259986,0.13143539695383413
GCTGT,0.06504065040650407,0.06504065040650407,0.0013540961408259986,0.13143539695383413
GCAGA,0.06504065040650407,0.06504065040650407,0.0013540961408259986,0.13143539695383413
AGTTG,0.06504065040650407,0.06504065040650407,0.0013540961408259986,0.13143539695383413
GTACA,0.06504065040650407,0.06504065040650407,0.0013540961408259986,0.13143539695383413
AGTTC,0.06504065040650407,0.06504065040650407,0.0013540961408259986,0.13143539695383413
AGAGT,0.06504065040650407,0.06504065040650407,0.0013540961408259986,0.13143539695383413
CGCGA,0.06504065040650407,0.06504065040650407,0.0013540961408259986,0.13143539695383413
TCGTA,0.06504065040650407,0.06504065040650407,0.0013540961408259986,0.13143539695383413
GGGCC,0.06504065040650407,0.06504065040650407,0.0013540961408259986,0.13143539695383413
CTCAG,0.06504065040650407,0.06504065040650407,0.0013540961408259986,0.13143539695383413
TTACC,0.06504065040650407,0.06504065040650407,0.0013540961408259986,0.13143539695383413
CGAAG,0.06504065040650407,0.06504065040650407,0.0013540961408259986,0.13143539695383413
AGGCC,0.06504065040650407,0.06504065040650407,0.0013540961408259986,0.13143539695383413
AACAG,0.06504065040650407,0.06504065040650407,0.0013540961408259986,0.13143539695383413
AATCT,0.06504065040650407,0.06504065040650407,0.0013540961408259986,0.13143539695383413
TTATC,0.06504065040650407,0.06504065040650407,0.0013540961408259986,0.13143539695383413
TACGC,0.06504065040650407,0.056910569105691054,0.0013540961408259986,0.12330531565302112
AGCCC,0.06504065040650407,0.056910569105691054,0.0013540961408259986,0.12330531565302112
CCCCA,0.06504065040650407,0.056910569105691054,0.0013540961408259986,0.12330531565302112
TACTA,0.06504065040650407,0.056910569105691054,0.0013540961408259986,0.12330531565302112
CCAAG,0.06504065040650407,0.056910569105691054,0.0013540961408259986,0.12330531565302112
GATTT,0.06504065040650407,0.056910569105691054,0.0013540961408259986,0.12330531565302112
CTGCT,0.06504065040650407,0.056910569105691054,0.0013540961408259986,0.12330531565302112
CGTGC,0.06504065040650407,0.056910569105691054,0.0013540961408259986,0.12330531565302112
CACCT,0.06504065040650407,0.056910569105691054,0.0013540961408259986,0.12330531565302112
TGGAT,0.06504065040650407,0.056910569105691054,0.0013540961408259986,0.12330531565302112
CTCCG,0.06504065040650407,0.056910569105691054,0.0013540961408259986,0.12330531565302112
TTCCC,0.06504065040650407,0.056910569105691054,0.0013540961408259986,0.12330531565302112
AGACA,0.06504065040650407,0.056910569105691054,0.0013540961408259986,0.12330531565302112
CAAGA,0.06504065040650407,0.056910569105691054,0.0013540961408259986,0.12330531565302112
ATACG,0.06504065040650407,0.056910569105691054,0.0013540961408259986,0.12330531565302112
TCAGT,0.06504065040650407,0.056910569105691054,0.0013540961408259986,0.12330531565302112
AGGTC,0.06504065040650407,0.056910569105691054,0.0013540961408259986,0.12330531565302112
ACATT,0.06504065040650407,0.04878048780487805,0.0013540961408259986,0.11517523435220813
GCACC,0.06504065040650407,0.04878048780487805,0.0013540961408259986,0.11517523435220813
TGCAC,0.056910569105691054,0.056910569105691054,0.001184834123222749,0.11500597233460486
CCCTT,0.056910569105691054,0.056910569105691054,0.001184834123222749,0.11500597233460486
ATAAA,0.056910569105691054,0.056910569105691054,0.001184834123222749,0.11500597233460486
CCCGA,0.056910569105691054,0.056910569105691054,0.001184834123222749,0.11500597233460486
TGTCT,0.056910569105691054,0.056910569105691054,0.001184834123222749,0.11500597233460486
GATAC,0.056910569105691054,0.056910569105691054,0.001184834123222749,0.11500597233460486
GATAA,0.056910569105691054,0.056910569105691054,0.001184834123222749,0.11500597233460486
TGTTC,0.056910569105691054,0.056910569105691054,0.001184834123222749,0.11500597233460486
GACGG,0.056910569105691054,0.056910569105691054,0.001184834123222749,0.11500597233460486
CCACA,0.056910569105691054,0.056910569105691054,0.001184834123222749,0.11500597233460486
CCGAC,0.056910569105691054,0.056910569105691054,0.001184834123222749,0.11500597233460486
ATCCC,0.056910569105691054,0.056910569105691054,0.001184834123222749,0.11500597233460486
ATCGG,0.056910569105691054,0.056910569105691054,0.001184834123222749,0.11500597233460486
ATCAG,0.056910569105691054,0.056910569105691054,0.001184834123222749,0.11500597233460486
TCAGG,0.056910569105691054,0.056910569105691054,0.001184834123222749,0.11500597233460486
GGTCC,0.056910569105691054,0.056910569105691054,0.001184834123222749,0.11500597233460486
TTCCA,0.056910569105691054,0.056910569105691054,0.001184834123222749,0.11500597233460486
TTTGG,0.056910569105691054,0.056910569105691054,0.001184834123222749,0.11500597233460486
AAGGA,0.056910569105691054,0.056910569105691054,0.001184834123222749,0.11500597233460486
GCACA,0.056910569105691054,0.056910569105691054,0.001184834123222749,0.11500597233460486
CGACG,0.056910569105691054,0.056910569105691054,0.001184834123222749,0.11500597233460486
CGGAC,0.056910569105691054,0.056910569105691054,0.001184834123222749,0.11500597233460486
GTGGA,0.056910569105691054,0.056910569105691054,0.001184834123222749,0.11500597233460486
TTGCC,0.056910569105691054,0.056910569105691054,0.001184834123222749,0.11500597233460486
TTGTT,0.056910569105691054,0.056910569105691054,0.001184834123222749,0.11500597233460486
TTTTC,0.056910569105691054,0.056910569105691054,0.001184834123222749,0.11500597233460486
AGGGT,0.056910569105691054,0.056910569105691054,0.001184834123222749,0.11500597233460486
TGCGT,0.056910569105691054,0.056910569105691054,0.001184834123222749,0.11500597233460486
AGATC,0.056910569105691054,0.056910569105691054,0.001184834123222749,0.11500597233460486
CACTC,0.056910569105691054,0.056910569105691054,0.001184834123222749,0.11500597233460486
CGTAC,0.056910569105691054,0.056910569105691054,0.001184834123222749,0.11500597233460486
CGTAG,0.056910569105691054,0.056910569105691054,0.001184834123222749,0.11500597233460486
CAATT,0.056910569105691054,0.056910569105691054,0.001184834123222749,0.11500597233460486
CAATA,0.056910569105691054,0.056910569105691054,0.001184834123222749,0.11500597233460486
CAGGA,0.056910569105691054,0.056910569105691054,0.001184834123222749,0.11500597233460486
CATCC,0.056910569105691054,0.056910569105691054,0.001184834123222749,0.11500597233460486
CATCG,0.056910569105691054,0.056910569105691054,0.001184834123222749,0.11500597233460486
CAAGG,0.056910569105691054,0.056910569105691054,0.001184834123222749,0.11500597233460486
GGTCT,0.056910569105691054,0.056910569105691054,0.001184834123222749,0.11500597233460486
AGGGC,0.056910569105691054,0.056910569105691054,0.001184834123222749,0.11500597233460486
AGCAC,0.056910569105691054,0.056910569105691054,0.001184834123222749,0.11500597233460486
TACAA,0.056910569105691054,0.056910569105691054,0.001184834123222749,0.11500597233460486
TACCC,0.056910569105691054,0.056910569105691054,0.001184834123222749,0.11500597233460486
GAACA,0.056910569105691054,0.056910569105691054,0.001184834123222749,0.11500597233460486
CGAGC,0.056910569105691054,0.056910569105691054,0.001184834123222749,0.11500597233460486
AATAC,0.056910569105691054,0.056910569105691054,0.001184834123222749,0.11500597233460486
CTGCC,0.056910569105691054,0.056910569105691054,0.001184834123222749,0.11500597233460486
CTACA,0.056910569105691054,0.056910569105691054,0.001184834123222749,0.11500597233460486
CTGGA,0.056910569105691054,0.056910569105691054,0.001184834123222749,0.11500597233460486
CTGAC,0.056910569105691054,0.056910569105691054,0.001184834123222749,0.11500597233460486
CTGTC,0.056910569105691054,0.056910569105691054,0.001184834123222749,0.11500597233460486
CTCTA,0.056910569105691054,0.056910569105691054,0.001184834123222749,0.11500597233460486
GCTTT,0.056910569105691054,0.056910569105691054,0.001184834123222749,0.11500597233460486
GCCTT,0.056910569105691054,0.056910569105691054,0.001184834123222749,0.11500597233460486
AACGC,0.056910569105691054,0.056910569105691054,0.001184834123222749,0.11500597233460486
GTGTA,0.056910569105691054,0.056910569105691054,0.001184834123222749,0.11500597233460486
TCTGT,0.056910569105691054,0.056910569105691054,0.001184834123222749,0.11500597233460486
ACCTA,0.056910569105691054,0.056910569105691054,0.001184834123222749,0.11500597233460486
ACCAT,0.056910569105691054,0.056910569105691054,0.001184834123222749,0.11500597233460486
TTAGC,0.056910569105691054,0.056910569105691054,0.001184834123222749,0.11500597233460486
AGACG,0.056910569105691054,0.056910569105691054,0.001184834123222749,0.11500597233460486
AGTCA,0.056910569105691054,0.056910569105691054,0.001184834123222749,0.11500597233460486
AGTTT,0.056910569105691054,0.056910569105691054,0.001184834123222749,0.11500597233460486
AGTTA,0.056910569105691054,0.056910569105691054,0.001184834123222749,0.11500597233460486
GCCTG,0.056910569105691054,0.056910569105691054,0.001184834123222749,0.11500597233460486
GAGGT,0.056910569105691054,0.056910569105691054,0.001184834123222749,0.11500597233460486
GAGGA,0.056910569105691054,0.056910569105691054,0.001184834123222749,0.11500597233460486
GAGAC,0.056910569105691054,0.056910569105691054,0.001184834123222749,0.11500597233460486
GAAAT,0.056910569105691054,0.056910569105691054,0.001184834123222749,0.11500597233460486
CTTGG,0.056910569105691054,0.056910569105691054,0.001184834123222749,0.11500597233460486
CTCCT,0.056910569105691054,0.056910569105691054,0.001184834123222749,0.11500597233460486
CTCCC,0.056910569105691054,0.056910569105691054,0.001184834123222749,0.11500597233460486
TACGT,0.056910569105691054,0.056910569105691054,0.001184834123222749,0.11500597233460486
TCGAC,0.056910569105691054,0.056910569105691054,0.001184834123222749,0.11500597233460486
CATAC,0.056910569105691054,0.056910569105691054,0.001184834123222749,0.11500597233460486
GATCA,0.056910569105691054,0.056910569105691054,0.001184834123222749,0.11500597233460486
AGCAT,0.056910569105691054,0.056910569105691054,0.001184834123222749,0.11500597233460486
GTTTT,0.056910569105691054,0.056910569105691054,0.001184834123222749,0.11500597233460486
GTCGC,0.056910569105691054,0.056910569105691054,0.001184834123222749,0.11500597233460486
GTCAA,0.056910569105691054,0.056910569105691054,0.001184834123222749,0.11500597233460486
GTCTC,0.056910569105691054,0.056910569105691054,0.001184834123222749,0.11500597233460486
GTCTG,0.056910569105691054,0.056910569105691054,0.001184834123222749,0.11500597233460486
CCGCG,0.056910569105691054,0.056910569105691054,0.001184834123222749,0.11500597233460486
ACAAG,0.056910569105691054,0.056910569105691054,0.001184834123222749,0.11500597233460486
ACACG,0.056910569105691054,0.056910569105691054,0.001184834123222749,0.11500597233460486
ACTCG,0.056910569105691054,0.056910569105691054,0.001184834123222749,0.11500597233460486
ACAGC,0.056910569105691054,0.056910569105691054,0.001184834123222749,0.11500597233460486
AGCTG,0.056910569105691054,0.056910569105691054,0.001184834123222749,0.11500597233460486
AGTGT,0.056910569105691054,0.056910569105691054,0.001184834123222749,0.11500597233460486
GTTGC,0.056910569105691054,0.056910569105691054,0.001184834123222749,0.11500597233460486
GGCGG,0.06504065040650407,0.04065040650406504,0.0013540961408259986,0.10704515305139511
CGCCA,0.056910569105691054,0.04878048780487805,0.001184834123222749,0.10687589103379184
TTGTG,0.056910569105691054,0.04878048780487805,0.001184834123222749,0.10687589103379184
CACAA,0.056910569105691054,0.04878048780487805,0.001184834123222749,0.10687589103379184
CATCT,0.056910569105691054,0.04878048780487805,0.001184834123222749,0.10687589103379184
ATTGT,0.056910569105691054,0.04878048780487805,0.001184834123222749,0.10687589103379184
ATTGA,0.056910569105691054,0.04878048780487805,0.001184834123222749,0.10687589103379184
TGCCC,0.056910569105691054,0.04878048780487805,0.001184834123222749,0.10687589103379184
GATCG,0.056910569105691054,0.04878048780487805,0.001184834123222749,0.10687589103379184
GAAAG,0.056910569105691054,0.04878048780487805,0.001184834123222749,0.10687589103379184
ATTTC,0.056910569105691054,0.04878048780487805,0.001184834123222749,0.10687589103379184
CTCGC,0.056910569105691054,0.04878048780487805,0.001184834123222749,0.10687589103379184
GTCTT,0.056910569105691054,0.04878048780487805,0.001184834123222749,0.10687589103379184
GCCTC,0.056910569105691054,0.04878048780487805,0.001184834123222749,0.10687589103379184
GACTG,0.056910569105691054,0.04878048780487805,0.001184834123222749,0.10687589103379184
CTACT,0.056910569105691054,0.04878048780487805,0.001184834123222749,0.10687589103379184
TCGCT,0.056910569105691054,0.04878048780487805,0.001184834123222749,0.10687589103379184
AGACC,0.056910569105691054,0.04878048780487805,0.001184834123222749,0.10687589103379184
AGACT,0.056910569105691054,0.04878048780487805,0.001184834123222749,0.10687589103379184
GCTGG,0.056910569105691054,0.04065040650406504,0.001184834123222749,0.09874580973297885
CCGTA,0.04878048780487805,0.04878048780487805,0.001015572105619499,0.0985765477153756
ATTTA,0.04878048780487805,0.04878048780487805,0.001015572105619499,0.0985765477153756
ATTAT,0.04878048780487805,0.04878048780487805,0.001015572105619499,0.0985765477153756
ATCCG,0.04878048780487805,0.04878048780487805,0.001015572105619499,0.0985765477153756
GAGCC,0.04878048780487805,0.04878048780487805,0.001015572105619499,0.0985765477153756
GAGTG,0.04878048780487805,0.04878048780487805,0.001015572105619499,0.0985765477153756
CTCTT,0.04878048780487805,0.04878048780487805,0.001015572105619499,0.0985765477153756
TCAGC,0.04878048780487805,0.04878048780487805,0.001015572105619499,0.0985765477153756
TGTTT,0.04878048780487805,0.04878048780487805,0.001015572105619499,0.0985765477153756
TGCAA,0.04878048780487805,0.04878048780487805,0.001015572105619499,0.0985765477153756
CCATC,0.04878048780487805,0.04878048780487805,0.001015572105619499,0.0985765477153756
CAGTT,0.04878048780487805,0.04878048780487805,0.001015572105619499,0.0985765477153756
CAGGG,0.04878048780487805,0.04878048780487805,0.001015572105619499,0.0985765477153756
CAAAG,0.04878048780487805,0.04878048780487805,0.001015572105619499,0.0985765477153756
CAAGT,0.04878048780487805,0.04878048780487805,0.001015572105619499,0.0985765477153756
TCAAG,0.04878048780487805,0.04878048780487805,0.001015572105619499,0.0985765477153756
CTCGT,0.04878048780487805,0.04878048780487805,0.001015572105619499,0.0985765477153756
GGGCT,0.04878048780487805,0.04878048780487805,0.001015572105619499,0.0985765477153756
GGGTT,0.04878048780487805,0.04878048780487805,0.001015572105619499,0.0985765477153756
GGACT,0.04878048780487805,0.04878048780487805,0.001015572105619499,0.0985765477153756
GTAGA,0.04878048780487805,0.04878048780487805,0.001015572105619499,0.0985765477153756
CCTTA,0.04878048780487805,0.04878048780487805,0.001015572105619499,0.0985765477153756
CCCAA,0.04878048780487805,0.04878048780487805,0.001015572105619499,0.0985765477153756
GTCGA,0.04878048780487805,0.04878048780487805,0.001015572105619499,0.0985765477153756
GACAA,0.04878048780487805,0.04878048780487805,0.001015572105619499,0.0985765477153756
TATCC,0.04878048780487805,0.04878048780487805,0.001015572105619499,0.0985765477153756
TATTT,0.04878048780487805,0.04878048780487805,0.001015572105619499,0.0985765477153756
GAACT,0.04878048780487805,0.04878048780487805,0.001015572105619499,0.0985765477153756
GAATC,0.04878048780487805,0.04878048780487805,0.001015572105619499,0.0985765477153756
TGACG,0.04878048780487805,0.04878048780487805,0.001015572105619499,0.0985765477153756
GTTGT,0.04878048780487805,0.04878048780487805,0.001015572105619499,0.0985765477153756
GTCCC,0.04878048780487805,0.04878048780487805,0.001015572105619499,0.0985765477153756
GTTTA,0.04878048780487805,0.04878048780487805,0.001015572105619499,0.0985765477153756
ACAAT,0.04878048780487805,0.04878048780487805,0.001015572105619499,0.0985765477153756
ACTTC,0.04878048780487805,0.04878048780487805,0.001015572105619499,0.0985765477153756
ACTTT,0.04878048780487805,0.04878048780487805,0.001015572105619499,0.0985765477153756
AGTGC,0.04878048780487805,0.04878048780487805,0.001015572105619499,0.0985765477153756
AGCTC,0.04878048780487805,0.04878048780487805,0.001015572105619499,0.0985765477153756
AGCTT,0.04878048780487805,0.04878048780487805,0.001015572105619499,0.0985765477153756
AGCAA,0.04878048780487805,0.04878048780487805,0.001015572105619499,0.0985765477153756
CATCA,0.04878048780487805,0.04878048780487805,0.001015572105619499,0.0985765477153756
TCTTT,0.04878048780487805,0.04878048780487805,0.001015572105619499,0.0985765477153756
TCTGG,0.04878048780487805,0.04878048780487805,0.001015572105619499,0.0985765477153756
AGTCG,0.04878048780487805,0.04878048780487805,0.001015572105619499,0.0985765477153756
AGTCT,0.04878048780487805,0.04878048780487805,0.001015572105619499,0.0985765477153756
CGATA,0.04878048780487805,0.04878048780487805,0.001015572105619499,0.0985765477153756
TTTCG,0.04878048780487805,0.04878048780487805,0.001015572105619499,0.0985765477153756
TTTTG,0.04878048780487805,0.04878048780487805,0.001015572105619499,0.0985765477153756
TTTAT,0.04878048780487805,0.04878048780487805,0.001015572105619499,0.0985765477153756
AGCGC,0.04878048780487805,0.04878048780487805,0.001015572105619499,0.0985765477153756
ACTGA,0.04878048780487805,0.04878048780487805,0.001015572105619499,0.0985765477153756
ACCCG,0.04878048780487805,0.04878048780487805,0.001015572105619499,0.0985765477153756
ACCCT,0.04878048780487805,0.04878048780487805,0.001015572105619499,0.0985765477153756
TCGCG,0.04878048780487805,0.04878048780487805,0.001015572105619499,0.0985765477153756
TCGTT,0.04878048780487805,0.04878048780487805,0.001015572105619499,0.0985765477153756
CACGG,0.04878048780487805,0.04878048780487805,0.001015572105619499,0.0985765477153756
CGTCA,0.04878048780487805,0.04878048780487805,0.001015572105619499,0.0985765477153756
ACGGA,0.04878048780487805,0.04878048780487805,0.001015572105619499,0.0985765477153756
CGTTG,0.04878048780487805,0.04878048780487805,0.001015572105619499,0.0985765477153756
CGTGG,0.04878048780487805,0.04878048780487805,0.001015572105619499,0.0985765477153756
CGTGT,0.04878048780487805,0.04878048780487805,0.001015572105619499,0.0985765477153756
TCCAA,0.04878048780487805,0.04878048780487805,0.001015572105619499,0.0985765477153756
ACGCG,0.04878048780487805,0.04878048780487805,0.001015572105619499,0.0985765477153756
ACGCC,0.04878048780487805,0.04878048780487805,0.001015572105619499,0.0985765477153756
ACGTG,0.04878048780487805,0.04878048780487805,0.001015572105619499,0.0985765477153756
ACGTC,0.04878048780487805,0.04878048780487805,0.001015572105619499,0.0985765477153756
CGTTA,0.04878048780487805,0.04878048780487805,0.001015572105619499,0.0985765477153756
CTTTA,0.04878048780487805,0.04878048780487805,0.001015572105619499,0.0985765477153756
AACAA,0.04878048780487805,0.04878048780487805,0.001015572105619499,0.0985765477153756
TAATC,0.04878048780487805,0.04878048780487805,0.001015572105619499,0.0985765477153756
AACGA,0.04878048780487805,0.04878048780487805,0.001015572105619499,0.0985765477153756
AGGTG,0.04878048780487805,0.04878048780487805,0.001015572105619499,0.0985765477153756
AGGTT,0.04878048780487805,0.04878048780487805,0.001015572105619499,0.0985765477153756
TTTGT,0.04878048780487805,0.04878048780487805,0.001015572105619499,0.0985765477153756
AAGCG,0.04878048780487805,0.04878048780487805,0.001015572105619499,0.0985765477153756
AAGTC,0.04878048780487805,0.04878048780487805,0.001015572105619499,0.0985765477153756
AAGGG,0.04878048780487805,0.04878048780487805,0.001015572105619499,0.0985765477153756
GCCAG,0.04878048780487805,0.04878048780487805,0.001015572105619499,0.0985765477153756
AAAAC,0.04878048780487805,0.04878048780487805,0.001015572105619499,0.0985765477153756
CTTTG,0.04878048780487805,0.04878048780487805,0.001015572105619499,0.0985765477153756
GCTAC,0.04878048780487805,0.04878048780487805,0.001015572105619499,0.0985765477153756
GCTTC,0.04878048780487805,0.04878048780487805,0.001015572105619499,0.0985765477153756
GCGGA,0.04878048780487805,0.04878048780487805,0.001015572105619499,0.0985765477153756
GCACG,0.04878048780487805,0.04878048780487805,0.001015572105619499,0.0985765477153756
GCTCA,0.04878048780487805,0.04878048780487805,0.001015572105619499,0.0985765477153756
GCATA,0.04878048780487805,0.04878048780487805,0.001015572105619499,0.0985765477153756
GCAAA,0.04878048780487805,0.04878048780487805,0.001015572105619499,0.0985765477153756
CTATC,0.04878048780487805,0.04878048780487805,0.001015572105619499,0.0985765477153756
CTACG,0.04878048780487805,0.04878048780487805,0.001015572105619499,0.0985765477153756
CTGGT,0.04878048780487805,0.04878048780487805,0.001015572105619499,0.0985765477153756
GCAAT,0.04878048780487805,0.04878048780487805,0.001015572105619499,0.0985765477153756
CTGTG,0.04878048780487805,0.04878048780487805,0.001015572105619499,0.0985765477153756
GCGTG,0.04878048780487805,0.04878048780487805,0.001015572105619499,0.0985765477153756
CTTTC,0.04878048780487805,0.04878048780487805,0.001015572105619499,0.0985765477153756
CTCCA,0.04878048780487805,0.04878048780487805,0.001015572105619499,0.0985765477153756
CTTGC,0.04878048780487805,0.04878048780487805,0.001015572105619499,0.0985765477153756
CTTTT,0.04878048780487805,0.04878048780487805,0.001015572105619499,0.0985765477153756
AACCA,0.04878048780487805,0.04878048780487805,0.001015572105619499,0.0985765477153756
AACCC,0.04878048780487805,0.04878048780487805,0.001015572105619499,0.0985765477153756
TTGGT,0.04878048780487805,0.04878048780487805,0.001015572105619499,0.0985765477153756
CTTGT,0.04878048780487805,0.04878048780487805,0.001015572105619499,0.0985765477153756
GCGCG,0.056910569105691054,0.032520325203252036,0.001184834123222749,0.09061572843216584
CGCGC,0.04878048780487805,0.04065040650406504,0.001015572105619499,0.0904464664145626
GTATA,0.04878048780487805,0.04065040650406504,0.001015572105619499,0.0904464664145626
CCAAT,0.04878048780487805,0.04065040650406504,0.001015572105619499,0.0904464664145626
GCCCA,0.04878048780487805,0.04065040650406504,0.001015572105619499,0.0904464664145626
GGGAT,0.04878048780487805,0.04065040650406504,0.001015572105619499,0.0904464664145626
GCTGC,0.04878048780487805,0.04065040650406504,0.001015572105619499,0.0904464664145626
GAGCG,0.04878048780487805,0.04065040650406504,0.001015572105619499,0.0904464664145626
ACCGG,0.04878048780487805,0.04065040650406504,0.001015572105619499,0.0904464664145626
CCGGC,0.04878048780487805,0.04065040650406504,0.001015572105619499,0.0904464664145626
AAATT,0.04878048780487805,0.04065040650406504,0.001015572105619499,0.0904464664145626
CCAGC,0.04878048780487805,0.04065040650406504,0.001015572105619499,0.0904464664145626
AACCG,0.04878048780487805,0.04065040650406504,0.001015572105619499,0.0904464664145626
ACCAG,0.04878048780487805,0.04065040650406504,0.001015572105619499,0.0904464664145626
CCTAC,0.04878048780487805,0.04065040650406504,0.001015572105619499,0.0904464664145626
TATAT,0.04878048780487805,0.04065040650406504,0.001015572105619499,0.0904464664145626
TATTG,0.04878048780487805,0.04065040650406504,0.001015572105619499,0.0904464664145626
AGGAT,0.04878048780487805,0.04065040650406504,0.001015572105619499,0.0904464664145626
CCCAG,0.04878048780487805,0.04065040650406504,0.001015572105619499,0.0904464664145626
CTTAC,0.04878048780487805,0.04065040650406504,0.001015572105619499,0.0904464664145626
GAAGC,0.04878048780487805,0.04065040650406504,0.001015572105619499,0.0904464664145626
CGCGG,0.056910569105691054,0.024390243902439025,0.001184834123222749,0.08248564713135283
CGGCC,0.04878048780487805,0.032520325203252036,0.001015572105619499,0.08231638511374959
CATAT,0.04065040650406504,0.04065040650406504,0.0008463100880162492,0.08214712309614633
CACTA,0.04065040650406504,0.04065040650406504,0.0008463100880162492,0.08214712309614633
CACTT,0.04065040650406504,0.04065040650406504,0.0008463100880162492,0.08214712309614633
CATTA,0.04065040650406504,0.04065040650406504,0.0008463100880162492,0.08214712309614633
CGCGT,0.04065040650406504,0.04065040650406504,0.0008463100880162492,0.08214712309614633
TCGTC,0.04065040650406504,0.04065040650406504,0.0008463100880162492,0.08214712309614633
AATTG,0.04065040650406504,0.04065040650406504,0.0008463100880162492,0.08214712309614633
CACGC,0.04065040650406504,0.04065040650406504,0.0008463100880162492,0.08214712309614633
ACCAC,0.04065040650406504,0.04065040650406504,0.0008463100880162492,0.08214712309614633
ACCAA,0.04065040650406504,0.04065040650406504,0.0008463100880162492,0.08214712309614633
ACCTG,0.04065040650406504,0.04065040650406504,0.0008463100880162492,0.08214712309614633
GCAAC,0.04065040650406504,0.04065040650406504,0.0008463100880162492,0.08214712309614633
ACTGG,0.04065040650406504,0.04065040650406504,0.0008463100880162492,0.08214712309614633
ACCGT,0.04065040650406504,0.04065040650406504,0.0008463100880162492,0.08214712309614633
TCCCC,0.04065040650406504,0.04065040650406504,0.0008463100880162492,0.08214712309614633
AACTG,0.04065040650406504,0.04065040650406504,0.0008463100880162492,0.08214712309614633
TCTAT,0.04065040650406504,0.04065040650406504,0.0008463100880162492,0.08214712309614633
AACTT,0.04065040650406504,0.04065040650406504,0.0008463100880162492,0.08214712309614633
AGTCC,0.04065040650406504,0.04065040650406504,0.0008463100880162492,0.08214712309614633
AGCAG,0.04065040650406504,0.04065040650406504,0.0008463100880162492,0.08214712309614633
AACAT,0.04065040650406504,0.04065040650406504,0.0008463100880162492,0.08214712309614633
AATCA,0.04065040650406504,0.04065040650406504,0.0008463100880162492,0.08214712309614633
AGTAG,0.04065040650406504,0.04065040650406504,0.0008463100880162492,0.08214712309614633
ACTTG,0.04065040650406504,0.04065040650406504,0.0008463100880162492,0.08214712309614633
ACTCT,0.04065040650406504,0.04065040650406504,0.0008463100880162492,0.08214712309614633
TTACG,0.04065040650406504,0.04065040650406504,0.0008463100880162492,0.08214712309614633
TTCAT,0.04065040650406504,0.04065040650406504,0.0008463100880162492,0.08214712309614633
ACACT,0.04065040650406504,0.04065040650406504,0.0008463100880162492,0.08214712309614633
ACGGT,0.04065040650406504,0.04065040650406504,0.0008463100880162492,0.08214712309614633
TTCGG,0.04065040650406504,0.04065040650406504,0.0008463100880162492,0.08214712309614633
AAGTG,0.04065040650406504,0.04065040650406504,0.0008463100880162492,0.08214712309614633
AAACG,0.04065040650406504,0.04065040650406504,0.0008463100880162492,0.08214712309614633
TTAAG,0.04065040650406504,0.04065040650406504,0.0008463100880162492,0.08214712309614633
CGGGG,0.04065040650406504,0.04065040650406504,0.0008463100880162492,0.08214712309614633
CGTCT,0.04065040650406504,0.04065040650406504,0.0008463100880162492,0.08214712309614633
CGTCC,0.04065040650406504,0.04065040650406504,0.0008463100880162492,0.08214712309614633
AGGCT,0.04065040650406504,0.04065040650406504,0.0008463100880162492,0.08214712309614633
ACAGT,0.04065040650406504,0.04065040650406504,0.0008463100880162492,0.08214712309614633
TGATT,0.04065040650406504,0.04065040650406504,0.0008463100880162492,0.08214712309614633
TGATC,0.04065040650406504,0.04065040650406504,0.0008463100880162492,0.08214712309614633
GTGGC,0.04065040650406504,0.04065040650406504,0.0008463100880162492,0.08214712309614633
TGGGA,0.04065040650406504,0.04065040650406504,0.0008463100880162492,0.08214712309614633
TGGCC,0.04065040650406504,0.04065040650406504,0.0008463100880162492,0.08214712309614633
GAAGG,0.04065040650406504,0.04065040650406504,0.0008463100880162492,0.08214712309614633
GTGGT,0.04065040650406504,0.04065040650406504,0.0008463100880162492,0.08214712309614633
GAATA,0.04065040650406504,0.04065040650406504,0.0008463100880162492,0.08214712309614633
TAGTG,0.04065040650406504,0.04065040650406504,0.0008463100880162492,0.08214712309614633
TATAA,0.04065040650406504,0.04065040650406504,0.0008463100880162492,0.08214712309614633
TAGAT,0.04065040650406504,0.04065040650406504,0.0008463100880162492,0.08214712309614633
TAAGC,0.04065040650406504,0.04065040650406504,0.0008463100880162492,0.08214712309614633
GATAT,0.04065040650406504,0.04065040650406504,0.0008463100880162492,0.08214712309614633
GATTA,0.04065040650406504,0.04065040650406504,0.0008463100880162492,0.08214712309614633
GTTCC,0.04065040650406504,0.04065040650406504,0.0008463100880162492,0.08214712309614633
AAAGG,0.04065040650406504,0.04065040650406504,0.0008463100880162492,0.08214712309614633
CCTGC,0.04065040650406504,0.04065040650406504,0.0008463100880162492,0.08214712309614633
CCTGA,0.04065040650406504,0.04065040650406504,0.0008463100880162492,0.08214712309614633
CCTAT,0.04065040650406504,0.04065040650406504,0.0008463100880162492,0.08214712309614633
CCTAA,0.04065040650406504,0.04065040650406504,0.0008463100880162492,0.08214712309614633
CCTTT,0.04065040650406504,0.04065040650406504,0.0008463100880162492,0.08214712309614633
GTAGT,0.04065040650406504,0.04065040650406504,0.0008463100880162492,0.08214712309614633
GTACT,0.04065040650406504,0.04065040650406504,0.0008463100880162492,0.08214712309614633
GGCGA,0.04065040650406504,0.04065040650406504,0.0008463100880162492,0.08214712309614633
GGTAT,0.04065040650406504,0.04065040650406504,0.0008463100880162492,0.08214712309614633
GGTCA,0.04065040650406504,0.04065040650406504,0.0008463100880162492,0.08214712309614633
GGAGG,0.04065040650406504,0.04065040650406504,0.0008463100880162492,0.08214712309614633
GGAAT,0.04065040650406504,0.04065040650406504,0.0008463100880162492,0.08214712309614633
GGGGA,0.04065040650406504,0.04065040650406504,0.0008463100880162492,0.08214712309614633
GGGAG,0.04065040650406504,0.04065040650406504,0.0008463100880162492,0.08214712309614633
TACGA,0.04065040650406504,0.04065040650406504,0.0008463100880162492,0.08214712309614633
CCCTC,0.04065040650406504,0.04065040650406504,0.0008463100880162492,0.08214712309614633
CTGTA,0.04065040650406504,0.04065040650406504,0.0008463100880162492,0.08214712309614633
CTGAT,0.04065040650406504,0.04065040650406504,0.0008463100880162492,0.08214712309614633
CAAAT,0.04065040650406504,0.04065040650406504,0.0008463100880162492,0.08214712309614633
CTGGC,0.04065040650406504,0.04065040650406504,0.0008463100880162492,0.08214712309614633
CAGTC,0.04065040650406504,0.04065040650406504,0.0008463100880162492,0.08214712309614633
CAGCA,0.04065040650406504,0.04065040650406504,0.0008463100880162492,0.08214712309614633
CCAAA,0.04065040650406504,0.04065040650406504,0.0008463100880162492,0.08214712309614633
CTAGT,0.04065040650406504,0.04065040650406504,0.0008463100880162492,0.08214712309614633
TGCTT,0.04065040650406504,0.04065040650406504,0.0008463100880162492,0.08214712309614633
TGTGC,0.04065040650406504,0.04065040650406504,0.0008463100880162492,0.08214712309614633
TGTAT,0.04065040650406504,0.04065040650406504,0.0008463100880162492,0.08214712309614633
TGTAC,0.04065040650406504,0.04065040650406504,0.0008463100880162492,0.08214712309614633
ATATT,0.04065040650406504,0.04065040650406504,0.0008463100880162492,0.08214712309614633
ATACC,0.04065040650406504,0.04065040650406504,0.0008463100880162492,0.08214712309614633
GCTCC,0.04065040650406504,0.04065040650406504,0.0008463100880162492,0.08214712309614633
GTTAC,0.04065040650406504,0.04065040650406504,0.0008463100880162492,0.08214712309614633
GTTGG,0.04065040650406504,0.04065040650406504,0.0008463100880162492,0.08214712309614633
GTGGG,0.04065040650406504,0.04065040650406504,0.0008463100880162492,0.08214712309614633
GTGCA,0.04065040650406504,0.04065040650406504,0.0008463100880162492,0.08214712309614633
GTCCT,0.04065040650406504,0.04065040650406504,0.0008463100880162492,0.08214712309614633
GCCAT,0.04065040650406504,0.04065040650406504,0.0008463100880162492,0.08214712309614633
CCGCT,0.04065040650406504,0.04065040650406504,0.0008463100880162492,0.08214712309614633
CCGTT,0.04065040650406504,0.04065040650406504,0.0008463100880162492,0.08214712309614633
TCAAT,0.04065040650406504,0.04065040650406504,0.0008463100880162492,0.08214712309614633
GCCCT,0.04065040650406504,0.04065040650406504,0.0008463100880162492,0.08214712309614633
ATTAG,0.04065040650406504,0.04065040650406504,0.0008463100880162492,0.08214712309614633
ATCGT,0.04065040650406504,0.04065040650406504,0.0008463100880162492,0.08214712309614633
GAGCT,0.04065040650406504,0.04065040650406504,0.0008463100880162492,0.08214712309614633
GAGTC,0.04065040650406504,0.04065040650406504,0.0008463100880162492,0.08214712309614633
TCATT,0.04065040650406504,0.04065040650406504,0.0008463100880162492,0.08214712309614633
GCTTA,0.04065040650406504,0.04065040650406504,0.0008463100880162492,0.08214712309614633
TCAAC,0.04065040650406504,0.04065040650406504,0.0008463100880162492,0.08214712309614633
CCACG,0.04065040650406504,0.04065040650406504,0.0008463100880162492,0.08214712309614633
GCGGC,0.056910569105691054,0.016260162601626018,0.001184834123222749,0.07435556583053982
CCTCG,0.04065040650406504,0.032520325203252036,0.0008463100880162492,0.07401704179533333
CACAT,0.04065040650406504,0.032520325203252036,0.0008463100880162492,0.07401704179533333
GGGCG,0.04065040650406504,0.032520325203252036,0.0008463100880162492,0.07401704179533333
GACTC,0.04065040650406504,0.032520325203252036,0.0008463100880162492,0.07401704179533333
GCAAG,0.04065040650406504,0.032520325203252036,0.0008463100880162492,0.07401704179533333
CATTC,0.04065040650406504,0.032520325203252036,0.0008463100880162492,0.07401704179533333
GCGGG,0.04065040650406504,0.032520325203252036,0.0008463100880162492,0.07401704179533333
CCGGA,0.04065040650406504,0.032520325203252036,0.0008463100880162492,0.07401704179533333
GCGTA,0.04065040650406504,0.032520325203252036,0.0008463100880162492,0.07401704179533333
GGACG,0.04065040650406504,0.032520325203252036,0.0008463100880162492,0.07401704179533333
ACCGC,0.04065040650406504,0.032520325203252036,0.0008463100880162492,0.07401704179533333
GAGGC,0.04065040650406504,0.032520325203252036,0.0008463100880162492,0.07401704179533333
TCGCC,0.04065040650406504,0.032520325203252036,0.0008463100880162492,0.07401704179533333
ACAAA,0.04065040650406504,0.032520325203252036,0.0008463100880162492,0.07401704179533333
TGCCG,0.04065040650406504,0.032520325203252036,0.0008463100880162492,0.07401704179533333
TGGCT,0.04065040650406504,0.032520325203252036,0.0008463100880162492,0.07401704179533333
CGACC,0.04065040650406504,0.032520325203252036,0.0008463100880162492,0.07401704179533333
AAGCC,0.04065040650406504,0.032520325203252036,0.0008463100880162492,0.07401704179533333
CGGCG,0.056910569105691054,0.008130081300813009,0.001184834123222749,0.0662254845297268
GGCTG,0.032520325203252036,0.032520325203252036,0.0006770480704129993,0.06571769847691707
TGGTT,0.032520325203252036,0.032520325203252036,0.0006770480704129993,0.06571769847691707
CTAAC,0.032520325203252036,0.032520325203252036,0.0006770480704129993,0.06571769847691707
GAAGT,0.032520325203252036,0.032520325203252036,0.0006770480704129993,0.06571769847691707
GCTCT,0.032520325203252036,0.032520325203252036,0.0006770480704129993,0.06571769847691707
CTATT,0.032520325203252036,0.032520325203252036,0.0006770480704129993,0.06571769847691707
TGCGG,0.032520325203252036,0.032520325203252036,0.0006770480704129993,0.06571769847691707
CTATA,0.032520325203252036,0.032520325203252036,0.0006770480704129993,0.06571769847691707
TGCGC,0.032520325203252036,0.032520325203252036,0.0006770480704129993,0.06571769847691707
ATAGC,0.032520325203252036,0.032520325203252036,0.0006770480704129993,0.06571769847691707
ATAAT,0.032520325203252036,0.032520325203252036,0.0006770480704129993,0.06571769847691707
ATAAC,0.032520325203252036,0.032520325203252036,0.0006770480704129993,0.06571769847691707
TAGCC,0.032520325203252036,0.032520325203252036,0.0006770480704129993,0.06571769847691707
TAGCG,0.032520325203252036,0.032520325203252036,0.0006770480704129993,0.06571769847691707
TAGCA,0.032520325203252036,0.032520325203252036,0.0006770480704129993,0.06571769847691707
TAGGG,0.032520325203252036,0.032520325203252036,0.0006770480704129993,0.06571769847691707
GGCCA,0.032520325203252036,0.032520325203252036,0.0006770480704129993,0.06571769847691707
TAGTT,0.032520325203252036,0.032520325203252036,0.0006770480704129993,0.06571769847691707
TCATA,0.032520325203252036,0.032520325203252036,0.0006770480704129993,0.06571769847691707
GTCTA,0.032520325203252036,0.032520325203252036,0.0006770480704129993,0.06571769847691707
GTCCG,0.032520325203252036,0.032520325203252036,0.0006770480704129993,0.06571769847691707
GTCCA,0.032520325203252036,0.032520325203252036,0.0006770480704129993,0.06571769847691707
TGGTG,0.032520325203252036,0.032520325203252036,0.0006770480704129993,0.06571769847691707
ATTTT,0.032520325203252036,0.032520325203252036,0.0006770480704129993,0.06571769847691707
ATTTG,0.032520325203252036,0.032520325203252036,0.0006770480704129993,0.06571769847691707
ATCTA,0.032520325203252036,0.032520325203252036,0.0006770480704129993,0.06571769847691707
TGTTA,0.032520325203252036,0.032520325203252036,0.0006770480704129993,0.06571769847691707
TGTCG,0.032520325203252036,0.032520325203252036,0.0006770480704129993,0.06571769847691707
CGGCT,0.032520325203252036,0.032520325203252036,0.0006770480704129993,0.06571769847691707
TGTGT,0.032520325203252036,0.032520325203252036,0.0006770480704129993,0.06571769847691707
AAGAT,0.032520325203252036,0.032520325203252036,0.0006770480704129993,0.06571769847691707
TGTGG,0.032520325203252036,0.032520325203252036,0.0006770480704129993,0.06571769847691707
GTGCC,0.032520325203252036,0.032520325203252036,0.0006770480704129993,0.06571769847691707
CTTAT,0.032520325203252036,0.032520325203252036,0.0006770480704129993,0.06571769847691707
GTCAC,0.032520325203252036,0.032520325203252036,0.0006770480704129993,0.06571769847691707
AAGGT,0.032520325203252036,0.032520325203252036,0.0006770480704129993,0.06571769847691707
GTGCG,0.032520325203252036,0.032520325203252036,0.0006770480704129993,0.06571769847691707
TCCGG,0.032520325203252036,0.032520325203252036,0.0006770480704129993,0.06571769847691707
GTGAT,0.032520325203252036,0.032520325203252036,0.0006770480704129993,0.06571769847691707
GTGAC,0.032520325203252036,0.032520325203252036,0.0006770480704129993,0.06571769847691707
CTGTT,0.032520325203252036,0.032520325203252036,0.0006770480704129993,0.06571769847691707
CTGGG,0.032520325203252036,0.032520325203252036,0.0006770480704129993,0.06571769847691707
TCCCA,0.032520325203252036,0.032520325203252036,0.0006770480704129993,0.06571769847691707
CGCTC,0.032520325203252036,0.032520325203252036,0.0006770480704129993,0.06571769847691707
TAGTC,0.032520325203252036,0.032520325203252036,0.0006770480704129993,0.06571769847691707
GGCTC,0.032520325203252036,0.032520325203252036,0.0006770480704129993,0.06571769847691707
CTCGG,0.032520325203252036,0.032520325203252036,0.0006770480704129993,0.06571769847691707
TACCA,0.032520325203252036,0.032520325203252036,0.0006770480704129993,0.06571769847691707
AGGCG,0.032520325203252036,0.032520325203252036,0.0006770480704129993,0.06571769847691707
TTACA,0.032520325203252036,0.032520325203252036,0.0006770480704129993,0.06571769847691707
TTAGA,0.032520325203252036,0.032520325203252036,0.0006770480704129993,0.06571769847691707
GGTTC,0.032520325203252036,0.032520325203252036,0.0006770480704129993,0.06571769847691707
GGTTA,0.032520325203252036,0.032520325203252036,0.0006770480704129993,0.06571769847691707
ACATA,0.032520325203252036,0.032520325203252036,0.0006770480704129993,0.06571769847691707
TCCGA,0.032520325203252036,0.032520325203252036,0.0006770480704129993,0.06571769847691707
CGCTA,0.032520325203252036,0.032520325203252036,0.0006770480704129993,0.06571769847691707
CGGTT,0.032520325203252036,0.032520325203252036,0.0006770480704129993,0.06571769847691707
AGTGA,0.032520325203252036,0.032520325203252036,0.0006770480704129993,0.06571769847691707
AGCCA,0.032520325203252036,0.032520325203252036,0.0006770480704129993,0.06571769847691707
AATAG,0.032520325203252036,0.032520325203252036,0.0006770480704129993,0.06571769847691707
GTACG,0.032520325203252036,0.032520325203252036,0.0006770480704129993,0.06571769847691707
TCTCA,0.032520325203252036,0.032520325203252036,0.0006770480704129993,0.06571769847691707
TCTGA,0.032520325203252036,0.032520325203252036,0.0006770480704129993,0.06571769847691707
CGTAA,0.032520325203252036,0.032520325203252036,0.0006770480704129993,0.06571769847691707
TTGAC,0.032520325203252036,0.032520325203252036,0.0006770480704129993,0.06571769847691707
CGGAT,0.032520325203252036,0.032520325203252036,0.0006770480704129993,0.06571769847691707
CGGAG,0.032520325203252036,0.032520325203252036,0.0006770480704129993,0.06571769847691707
CGACA,0.032520325203252036,0.032520325203252036,0.0006770480704129993,0.06571769847691707
CGAAT,0.032520325203252036,0.032520325203252036,0.0006770480704129993,0.06571769847691707
ATCAT,0.032520325203252036,0.032520325203252036,0.0006770480704129993,0.06571769847691707
TTTTA,0.032520325203252036,0.032520325203252036,0.0006770480704129993,0.06571769847691707
AAGAA,0.032520325203252036,0.032520325203252036,0.0006770480704129993,0.06571769847691707
TCCTG,0.032520325203252036,0.032520325203252036,0.0006770480704129993,0.06571769847691707
TGCTA,0.032520325203252036,0.032520325203252036,0.0006770480704129993,0.06571769847691707
ACGTA,0.032520325203252036,0.032520325203252036,0.0006770480704129993,0.06571769847691707
GTTAG,0.032520325203252036,0.032520325203252036,0.0006770480704129993,0.06571769847691707
CCTGT,0.032520325203252036,0.032520325203252036,0.0006770480704129993,0.06571769847691707
CCTGG,0.032520325203252036,0.032520325203252036,0.0006770480704129993,0.06571769847691707
CCTAG,0.032520325203252036,0.032520325203252036,0.0006770480704129993,0.06571769847691707
CGTAT,0.032520325203252036,0.032520325203252036,0.0006770480704129993,0.06571769847691707
TGAAC,0.032520325203252036,0.032520325203252036,0.0006770480704129993,0.06571769847691707
TGGAC,0.032520325203252036,0.032520325203252036,0.0006770480704129993,0.06571769847691707
TAGAC,0.032520325203252036,0.032520325203252036,0.0006770480704129993,0.06571769847691707
TAGAA,0.032520325203252036,0.032520325203252036,0.0006770480704129993,0.06571769847691707
GACCA,0.032520325203252036,0.032520325203252036,0.0006770480704129993,0.06571769847691707
GACGT,0.032520325203252036,0.032520325203252036,0.0006770480704129993,0.06571769847691707
GACGC,0.032520325203252036,0.032520325203252036,0.0006770480704129993,0.06571769847691707
TGACC,0.032520325203252036,0.032520325203252036,0.0006770480704129993,0.06571769847691707
GGACC,0.032520325203252036,0.032520325203252036,0.0006770480704129993,0.06571769847691707
CGTCG,0.032520325203252036,0.032520325203252036,0.0006770480704129993,0.06571769847691707
GACAG,0.032520325203252036,0.032520325203252036,0.0006770480704129993,0.06571769847691707
TATTA,0.032520325203252036,0.032520325203252036,0.0006770480704129993,0.06571769847691707
CGTGA,0.032520325203252036,0.032520325203252036,0.0006770480704129993,0.06571769847691707
CATTT,0.032520325203252036,0.032520325203252036,0.0006770480704129993,0.06571769847691707
CAGCT,0.032520325203252036,0.032520325203252036,0.0006770480704129993,0.06571769847691707
CAACC,0.032520325203252036,0.032520325203252036,0.0006770480704129993,0.06571769847691707
CCGGT,0.032520325203252036,0.032520325203252036,0.0006770480704129993,0.06571769847691707
CCGGG,0.032520325203252036,0.032520325203252036,0.0006770480704129993,0.06571769847691707
CCGAA,0.032520325203252036,0.032520325203252036,0.0006770480704129993,0.06571769847691707
CCATT,0.032520325203252036,0.032520325203252036,0.0006770480704129993,0.06571769847691707
CCATA,0.032520325203252036,0.032520325203252036,0.0006770480704129993,0.06571769847691707
GGTGT,0.032520325203252036,0.032520325203252036,0.0006770480704129993,0.06571769847691707
GGTGC,0.032520325203252036,0.032520325203252036,0.0006770480704129993,0.06571769847691707
CACGA,0.032520325203252036,0.032520325203252036,0.0006770480704129993,0.06571769847691707
ACGAC,0.032520325203252036,0.024390243902439025,0.0006770480704129993,0.05758761717610406
CGCCC,0.032520325203252036,0.024390243902439025,0.0006770480704129993,0.05758761717610406
GCCCC,0.032520325203252036,0.024390243902439025,0.0006770480704129993,0.05758761717610406
CGGGC,0.032520325203252036,0.024390243902439025,0.0006770480704129993,0.05758761717610406
CTCTG,0.032520325203252036,0.024390243902439025,0.0006770480704129993,0.05758761717610406
GCCCG,0.032520325203252036,0.016260162601626018,0.0006770480704129993,0.04945753587529105
ACCCC,0.024390243902439025,0.024390243902439025,0.0005077860528097495,0.0492882738576878
GGTGG,0.024390243902439025,0.024390243902439025,0.0005077860528097495,0.0492882738576878
GGGAC,0.024390243902439025,0.024390243902439025,0.0005077860528097495,0.0492882738576878
GGATA,0.024390243902439025,0.024390243902439025,0.0005077860528097495,0.0492882738576878
CAACT,0.024390243902439025,0.024390243902439025,0.0005077860528097495,0.0492882738576878
CAAGC,0.024390243902439025,0.024390243902439025,0.0005077860528097495,0.0492882738576878
CAAAA,0.024390243902439025,0.024390243902439025,0.0005077860528097495,0.0492882738576878
CAGTG,0.024390243902439025,0.024390243902439025,0.0005077860528097495,0.0492882738576878
CAGGT,0.024390243902439025,0.024390243902439025,0.0005077860528097495,0.0492882738576878
TACGG,0.024390243902439025,0.024390243902439025,0.0005077860528097495,0.0492882738576878
GGGTA,0.024390243902439025,0.024390243902439025,0.0005077860528097495,0.0492882738576878
TACTC,0.024390243902439025,0.024390243902439025,0.0005077860528097495,0.0492882738576878
GACTA,0.024390243902439025,0.024390243902439025,0.0005077860528097495,0.0492882738576878
GTAGG,0.024390243902439025,0.024390243902439025,0.0005077860528097495,0.0492882738576878
GTAAT,0.024390243902439025,0.024390243902439025,0.0005077860528097495,0.0492882738576878
CATAG,0.024390243902439025,0.024390243902439025,0.0005077860528097495,0.0492882738576878
CATAA,0.024390243902439025,0.024390243902439025,0.0005077860528097495,0.0492882738576878
CACGT,0.024390243902439025,0.024390243902439025,0.0005077860528097495,0.0492882738576878
GACAT,0.024390243902439025,0.024390243902439025,0.0005077860528097495,0.0492882738576878
GATAG,0.024390243902439025,0.024390243902439025,0.0005077860528097495,0.0492882738576878
TGACA,0.024390243902439025,0.024390243902439025,0.0005077860528097495,0.0492882738576878
TGGGG,0.024390243902439025,0.024390243902439025,0.0005077860528097495,0.0492882738576878
TCGTG,0.024390243902439025,0.024390243902439025,0.0005077860528097495,0.0492882738576878
TCTAG,0.024390243902439025,0.024390243902439025,0.0005077860528097495,0.0492882738576878
AACTA,0.024390243902439025,0.024390243902439025,0.0005077860528097495,0.0492882738576878
AGGTA,0.024390243902439025,0.024390243902439025,0.0005077860528097495,0.0492882738576878
ACATC,0.024390243902439025,0.024390243902439025,0.0005077860528097495,0.0492882738576878
ACAGG,0.024390243902439025,0.024390243902439025,0.0005077860528097495,0.0492882738576878
GTGTC,0.024390243902439025,0.024390243902439025,0.0005077860528097495,0.0492882738576878
ATTAC,0.024390243902439025,0.024390243902439025,0.0005077860528097495,0.0492882738576878
ATCAA,0.024390243902439025,0.024390243902439025,0.0005077860528097495,0.0492882738576878
GAGCA,0.024390243902439025,0.024390243902439025,0.0005077860528097495,0.0492882738576878
TGCTC,0.024390243902439025,0.024390243902439025,0.0005077860528097495,0.0492882738576878
TTTAG,0.024390243902439025,0.024390243902439025,0.0005077860528097495,0.0492882738576878
TGAGG,0.024390243902439025,0.024390243902439025,0.0005077860528097495,0.0492882738576878
CGGTC,0.024390243902439025,0.024390243902439025,0.0005077860528097495,0.0492882738576878
ACTTA,0.024390243902439025,0.024390243902439025,0.0005077860528097495,0.0492882738576878
ACTCA,0.024390243902439025,0.024390243902439025,0.0005077860528097495,0.0492882738576878
AATTT,0.024390243902439025,0.024390243902439025,0.0005077860528097495,0.0492882738576878
AAGCT,0.024390243902439025,0.024390243902439025,0.0005077860528097495,0.0492882738576878
GGTTG,0.024390243902439025,0.024390243902439025,0.0005077860528097495,0.0492882738576878
CCAGG,0.024390243902439025,0.024390243902439025,0.0005077860528097495,0.0492882738576878
ACTGT,0.024390243902439025,0.024390243902439025,0.0005077860528097495,0.0492882738576878
ACTAT,0.024390243902439025,0.024390243902439025,0.0005077860528097495,0.0492882738576878
ACTAG,0.024390243902439025,0.024390243902439025,0.0005077860528097495,0.0492882738576878
ACTAA,0.024390243902439025,0.024390243902439025,0.0005077860528097495,0.0492882738576878
CGACT,0.024390243902439025,0.024390243902439025,0.0005077860528097495,0.0492882738576878
TAAAG,0.024390243902439025,0.024390243902439025,0.0005077860528097495,0.0492882738576878
GCTAA,0.024390243902439025,0.024390243902439025,0.0005077860528097495,0.0492882738576878
GCCGT,0.024390243902439025,0.024390243902439025,0.0005077860528097495,0.0492882738576878
GCCAC,0.024390243902439025,0.024390243902439025,0.0005077860528097495,0.0492882738576878
TAAAA,0.024390243902439025,0.024390243902439025,0.0005077860528097495,0.0492882738576878
CTTGA,0.024390243902439025,0.024390243902439025,0.0005077860528097495,0.0492882738576878
CTTAG,0.024390243902439025,0.024390243902439025,0.0005077860528097495,0.0492882738576878
TAACC,0.024390243902439025,0.024390243902439025,0.0005077860528097495,0.0492882738576878
TGTCA,0.024390243902439025,0.024390243902439025,0.0005077860528097495,0.0492882738576878
GCCAA,0.024390243902439025,0.024390243902439025,0.0005077860528097495,0.0492882738576878
TTGAT,0.024390243902439025,0.024390243902439025,0.0005077860528097495,0.0492882738576878
TAATT,0.024390243902439025,0.024390243902439025,0.0005077860528097495,0.0492882738576878
CGGGT,0.024390243902439025,0.024390243902439025,0.0005077860528097495,0.0492882738576878
TCCCT,0.024390243902439025,0.024390243902439025,0.0005077860528097495,0.0492882738576878
TTGAA,0.024390243902439025,0.024390243902439025,0.0005077860528097495,0.0492882738576878
AAGAC,0.024390243902439025,0.024390243902439025,0.0005077860528097495,0.0492882738576878
ACGCT,0.024390243902439025,0.024390243902439025,0.0005077860528097495,0.0492882738576878
ACGGC,0.024390243902439025,0.024390243902439025,0.0005077860528097495,0.0492882738576878
TTGAG,0.024390243902439025,0.024390243902439025,0.0005077860528097495,0.0492882738576878
AAATA,0.024390243902439025,0.024390243902439025,0.0005077860528097495,0.0492882738576878
AAACT,0.024390243902439025,0.024390243902439025,0.0005077860528097495,0.0492882738576878
AAAGT,0.024390243902439025,0.024390243902439025,0.0005077860528097495,0.0492882738576878
AAAGA,0.024390243902439025,0.024390243902439025,0.0005077860528097495,0.0492882738576878
CGGTA,0.024390243902439025,0.024390243902439025,0.0005077860528097495,0.0492882738576878
TGGAA,0.024390243902439025,0.024390243902439025,0.0005077860528097495,0.0492882738576878
AAAAG,0.024390243902439025,0.024390243902439025,0.0005077860528097495,0.0492882738576878
TAACT,0.024390243902439025,0.024390243902439025,0.0005077860528097495,0.0492882738576878
CCTTG,0.024390243902439025,0.024390243902439025,0.0005077860528097495,0.0492882738576878
TCGGG,0.024390243902439025,0.024390243902439025,0.0005077860528097495,0.0492882738576878
TCACG,0.024390243902439025,0.024390243902439025,0.0005077860528097495,0.0492882738576878
GTTAA,0.024390243902439025,0.024390243902439025,0.0005077860528097495,0.0492882738576878
GTCGT,0.024390243902439025,0.024390243902439025,0.0005077860528097495,0.0492882738576878
TAGCT,0.024390243902439025,0.024390243902439025,0.0005077860528097495,0.0492882738576878
TAGGC,0.024390243902439025,0.024390243902439025,0.0005077860528097495,0.0492882738576878
TGTTG,0.024390243902439025,0.024390243902439025,0.0005077860528097495,0.0492882738576878
GCGTC,0.024390243902439025,0.024390243902439025,0.0005077860528097495,0.0492882738576878
TCGGC,0.024390243902439025,0.024390243902439025,0.0005077860528097495,0.0492882738576878
CTAAT,0.024390243902439025,0.024390243902439025,0.0005077860528097495,0.0492882738576878
CTAAG,0.024390243902439025,0.024390243902439025,0.0005077860528097495,0.0492882738576878
GCTTG,0.024390243902439025,0.024390243902439025,0.0005077860528097495,0.0492882738576878
GCTGA,0.024390243902439025,0.024390243902439025,0.0005077860528097495,0.0492882738576878
CTGAG,0.024390243902439025,0.024390243902439025,0.0005077860528097495,0.0492882738576878
CTGAA,0.024390243902439025,0.024390243902439025,0.0005077860528097495,0.0492882738576878
GCGAC,0.024390243902439025,0.024390243902439025,0.0005077860528097495,0.0492882738576878
GCACT,0.024390243902439025,0.024390243902439025,0.0005077860528097495,0.0492882738576878
GCAGT,0.024390243902439025,0.024390243902439025,0.0005077860528097495,0.0492882738576878
GCAGG,0.024390243902439025,0.024390243902439025,0.0005077860528097495,0.0492882738576878
CTCAT,0.024390243902439025,0.024390243902439025,0.0005077860528097495,0.0492882738576878
ATATA,0.024390243902439025,0.024390243902439025,0.0005077860528097495,0.0492882738576878
TTGTA,0.024390243902439025,0.016260162601626018,0.0005077860528097495,0.04115819255687479
AAAAA,0.024390243902439025,0.008130081300813009,0.0005077860528097495,0.03302811125606179
GTTGA,0.016260162601626018,0.016260162601626018,0.00033852403520649965,0.03285884923845853
TGGTA,0.016260162601626018,0.016260162601626018,0.00033852403520649965,0.03285884923845853
TAACG,0.016260162601626018,0.016260162601626018,0.00033852403520649965,0.03285884923845853
TAACA,0.016260162601626018,0.016260162601626018,0.00033852403520649965,0.03285884923845853
TAAGT,0.016260162601626018,0.016260162601626018,0.00033852403520649965,0.03285884923845853
TAAGG,0.016260162601626018,0.016260162601626018,0.00033852403520649965,0.03285884923845853
TAAAT,0.016260162601626018,0.016260162601626018,0.00033852403520649965,0.03285884923845853
GTCAG,0.016260162601626018,0.016260162601626018,0.00033852403520649965,0.03285884923845853
CCCAT,0.016260162601626018,0.016260162601626018,0.00033852403520649965,0.03285884923845853
TGACT,0.016260162601626018,0.016260162601626018,0.00033852403520649965,0.03285884923845853
TGAGT,0.016260162601626018,0.016260162601626018,0.00033852403520649965,0.03285884923845853
TGAGA,0.016260162601626018,0.016260162601626018,0.00033852403520649965,0.03285884923845853
TGAAG,0.016260162601626018,0.016260162601626018,0.00033852403520649965,0.03285884923845853
GACTT,0.016260162601626018,0.016260162601626018,0.00033852403520649965,0.03285884923845853
GACCC,0.016260162601626018,0.016260162601626018,0.00033852403520649965,0.03285884923845853
GACCG,0.016260162601626018,0.016260162601626018,0.00033852403520649965,0.03285884923845853
TGTCC,0.016260162601626018,0.016260162601626018,0.00033852403520649965,0.03285884923845853
TGATA,0.016260162601626018,0.016260162601626018,0.00033852403520649965,0.03285884923845853
AACGG,0.016260162601626018,0.016260162601626018,0.00033852403520649965,0.03285884923845853
AGGCA,0.016260162601626018,0.016260162601626018,0.00033852403520649965,0.03285884923845853
AAGGC,0.016260162601626018,0.016260162601626018,0.00033852403520649965,0.03285884923845853
ACGGG,0.016260162601626018,0.016260162601626018,0.00033852403520649965,0.03285884923845853
ATAGT,0.016260162601626018,0.016260162601626018,0.00033852403520649965,0.03285884923845853
ATAGG,0.016260162601626018,0.016260162601626018,0.00033852403520649965,0.03285884923845853
ATAGA,0.016260162601626018,0.016260162601626018,0.00033852403520649965,0.03285884923845853
TTGGG,0.016260162601626018,0.016260162601626018,0.00033852403520649965,0.03285884923845853
TGGGC,0.016260162601626018,0.016260162601626018,0.00033852403520649965,0.03285884923845853
ACGAT,0.016260162601626018,0.016260162601626018,0.00033852403520649965,0.03285884923845853
TTTTT,0.016260162601626018,0.016260162601626018,0.00033852403520649965,0.03285884923845853
TTTGA,0.016260162601626018,0.016260162601626018,0.00033852403520649965,0.03285884923845853
TTTAA,0.016260162601626018,0.016260162601626018,0.00033852403520649965,0.03285884923845853
AAGTT,0.016260162601626018,0.016260162601626018,0.00033852403520649965,0.03285884923845853
AAGTA,0.016260162601626018,0.016260162601626018,0.00033852403520649965,0.03285884923845853
GGTAC,0.016260162601626018,0.016260162601626018,0.00033852403520649965,0.03285884923845853
GGTAG,0.016260162601626018,0.016260162601626018,0.00033852403520649965,0.03285884923845853
TGTGA,0.016260162601626018,0.016260162601626018,0.00033852403520649965,0.03285884923845853
CGCTT,0.016260162601626018,0.016260162601626018,0.00033852403520649965,0.03285884923845853
GTAGC,0.016260162601626018,0.016260162601626018,0.00033852403520649965,0.03285884923845853
TTAGT,0.016260162601626018,0.016260162601626018,0.00033852403520649965,0.03285884923845853
TTAGG,0.016260162601626018,0.016260162601626018,0.00033852403520649965,0.03285884923845853
TTAAC,0.016260162601626018,0.016260162601626018,0.00033852403520649965,0.03285884923845853
AATTA,0.016260162601626018,0.016260162601626018,0.00033852403520649965,0.03285884923845853
AATAT,0.016260162601626018,0.016260162601626018,0.00033852403520649965,0.03285884923845853
AATAA,0.016260162601626018,0.016260162601626018,0.00033852403520649965,0.03285884923845853
AACTC,0.016260162601626018,0.016260162601626018,0.00033852403520649965,0.03285884923845853
TGTAG,0.016260162601626018,0.016260162601626018,0.00033852403520649965,0.03285884923845853
GGCGT,0.016260162601626018,0.016260162601626018,0.00033852403520649965,0.03285884923845853
GGCAG,0.016260162601626018,0.016260162601626018,0.00033852403520649965,0.03285884923845853
TAAAC,0.016260162601626018,0.016260162601626018,0.00033852403520649965,0.03285884923845853
CTCAA,0.016260162601626018,0.016260162601626018,0.00033852403520649965,0.03285884923845853
GCGGT,0.016260162601626018,0.016260162601626018,0.00033852403520649965,0.03285884923845853
ATAAG,0.016260162601626018,0.016260162601626018,0.00033852403520649965,0.03285884923845853
CTAGC,0.016260162601626018,0.016260162601626018,0.00033852403520649965,0.03285884923845853
CAACA,0.016260162601626018,0.016260162601626018,0.00033852403520649965,0.03285884923845853
CGGGA,0.016260162601626018,0.016260162601626018,0.00033852403520649965,0.03285884923845853
GGCCT,0.016260162601626018,0.016260162601626018,0.00033852403520649965,0.03285884923845853
TCTTA,0.016260162601626018,0.016260162601626018,0.00033852403520649965,0.03285884923845853
TGTAA,0.016260162601626018,0.016260162601626018,0.00033852403520649965,0.03285884923845853
TGCCA,0.016260162601626018,0.016260162601626018,0.00033852403520649965,0.03285884923845853
ATTAA,0.016260162601626018,0.016260162601626018,0.00033852403520649965,0.03285884923845853
CCCTG,0.016260162601626018,0.016260162601626018,0.00033852403520649965,0.03285884923845853
CCCTA,0.016260162601626018,0.016260162601626018,0.00033852403520649965,0.03285884923845853
CCCCT,0.016260162601626018,0.016260162601626018,0.00033852403520649965,0.03285884923845853
CCCCG,0.016260162601626018,0.016260162601626018,0.00033852403520649965,0.03285884923845853
GGTCG,0.016260162601626018,0.016260162601626018,0.00033852403520649965,0.03285884923845853
GGGTC,0.016260162601626018,0.016260162601626018,0.00033852403520649965,0.03285884923845853
CTAGA,0.016260162601626018,0.016260162601626018,0.00033852403520649965,0.03285884923845853
GCTCG,0.016260162601626018,0.016260162601626018,0.00033852403520649965,0.03285884923845853
GCCTA,0.016260162601626018,0.016260162601626018,0.00033852403520649965,0.03285884923845853
GTGTG,0.016260162601626018,0.016260162601626018,0.00033852403520649965,0.03285884923845853
GTGAG,0.016260162601626018,0.016260162601626018,0.00033852403520649965,0.03285884923845853
GGGTG,0.016260162601626018,0.016260162601626018,0.00033852403520649965,0.03285884923845853
GGGGT,0.016260162601626018,0.016260162601626018,0.00033852403520649965,0.03285884923845853
GGAGC,0.016260162601626018,0.016260162601626018,0.00033852403520649965,0.03285884923845853
TACAT,0.016260162601626018,0.016260162601626018,0.00033852403520649965,0.03285884923845853
GGCCC,0.016260162601626018,0.008130081300813009,0.00033852403520649965,0.024728767937645526
CCATG,0.008130081300813009,0.008130081300813009,0.00016926201760324982,0.016429424619229267
CGGTG,0.008130081300813009,0.008130081300813009,0.00016926201760324982,0.016429424619229267
ACTCC,0.008130081300813009,0.008130081300813009,0.00016926201760324982,0.016429424619229267
AGCGG,0.008130081300813009,0.008130081300813009,0.00016926201760324982,0.016429424619229267
TTCTA,0.008130081300813009,0.008130081300813009,0.00016926201760324982,0.016429424619229267
TAGTA,0.008130081300813009,0.008130081300813009,0.00016926201760324982,0.016429424619229267
CGCTG,0.008130081300813009,0.008130081300813009,0.00016926201760324982,0.016429424619229267
GGCAA,0.008130081300813009,0.008130081300813009,0.00016926201760324982,0.016429424619229267
GGCAC,0.008130081300813009,0.008130081300813009,0.00016926201760324982,0.016429424619229267
GGCTA,0.008130081300813009,0.008130081300813009,0.00016926201760324982,0.016429424619229267
GCGCT,0.008130081300813009,0.008130081300813009,0.00016926201760324982,0.016429424619229267
CTTAA,0.008130081300813009,0.008130081300813009,0.00016926201760324982,0.016429424619229267
ATGGT,0.008130081300813009,0.008130081300813009,0.00016926201760324982,0.016429424619229267
GTTCT,0.008130081300813009,0.008130081300813009,0.00016926201760324982,0.016429424619229267
TGGGT,0.008130081300813009,0.008130081300813009,0.00016926201760324982,0.016429424619229267
TAATA,0.008130081300813009,0.008130081300813009,0.00016926201760324982,0.016429424619229267
TAGAG,0.008130081300813009,0.008130081300813009,0.00016926201760324982,0.016429424619229267
TAGGA,0.008130081300813009,0.008130081300813009,0.00016926201760324982,0.016429424619229267
TAAGA,0.008130081300813009,0.008130081300813009,0.00016926201760324982,0.016429424619229267
TGGCA,0.008130081300813009,0.008130081300813009,0.00016926201760324982,0.016429424619229267
TGAAT,0.008130081300813009,0.008130081300813009,0.00016926201760324982,0.016429424619229267
TGAGC,0.008130081300813009,0.008130081300813009,0.00016926201760324982,0.016429424619229267
TCGGT,0.008130081300813009,0.008130081300813009,0.00016926201760324982,0.016429424619229267
GTAAA,0.008130081300813009,0.008130081300813009,0.00016926201760324982,0.016429424619229267
GTAAG,0.008130081300813009,0.008130081300813009,0.00016926201760324982,0.016429424619229267
GATGA,0.008130081300813009,0.008130081300813009,0.00016926201760324982,0.016429424619229267
TGAAA,0.008130081300813009,0.008130081300813009,0.00016926201760324982,0.016429424619229267
TGCCT,0.008130081300813009,0.008130081300813009,0.00016926201760324982,0.016429424619229267
ATGAA,0.008130081300813009,0.008130081300813009,0.00016926201760324982,0.016429424619229267
CCCGG,0.008130081300813009,0.008130081300813009,0.00016926201760324982,0.016429424619229267
CCCCC,0.008130081300813009,0.008130081300813009,0.00016926201760324982,0.016429424619229267
GCTAT,0.008130081300813009,0.008130081300813009,0.00016926201760324982,0.016429424619229267
CTAAA,0.008130081300813009,0.008130081300813009,0.00016926201760324982,0.016429424619229267
CTAGG,0.008130081300813009,0.008130081300813009,0.00016926201760324982,0.016429424619229267
CATGG,0.008130081300813009,0.008130081300813009,0.00016926201760324982,0.016429424619229267
GGTGA,0.008130081300813009,0.008130081300813009,0.00016926201760324982,0.016429424619229267
GGGGG,0.008130081300813009,0.008130081300813009,0.00016926201760324982,0.016429424619229267
GGGCA,0.008130081300813009,0.008130081300813009,0.00016926201760324982,0.016429424619229267
TTAAA,0.008130081300813009,0.008130081300813009,0.00016926201760324982,0.016429424619229267
GTAAC,0.008130081300813009,0.008130081300813009,0.00016926201760324982,0.016429424619229267
GTGAA,0.008130081300813009,0.008130081300813009,0.00016926201760324982,0.016429424619229267
AGCTA,0.008130081300813009,0.008130081300813009,0.00016926201760324982,0.016429424619229267
AGATG,0.008130081300813009,0.008130081300813009,0.00016926201760324982,0.016429424619229267
AACAC,0.008130081300813009,0.008130081300813009,0.00016926201760324982,0.016429424619229267
TCCAT,0.008130081300813009,0.008130081300813009,0.00016926201760324982,0.016429424619229267
CCAAC,0.008130081300813009,0.008130081300813009,0.00016926201760324982,0.016429424619229267
CGGCA,0.008130081300813009,0.008130081300813009,0.00016926201760324982,0.016429424619229267
CGATG,0.0,0.0,0.0,0.0
TCTAA,0.0,0.0,0.0,0.0
AAATG,0.0,0.0,0.0,0.0
CTATG,0.0,0.0,0.0,0.0
GCTAG,0.0,0.0,0.0,0.0
ATATG,0.0,0.0,0.0,0.0
ATGAG,0.0,0.0,0.0,0.0
ATGAC,0.0,0.0,0.0,0.0
ATGAT,0.0,0.0,0.0,0.0
ATGGA,0.0,0.0,0.0,0.0
ATGGG,0.0,0.0,0.0,0.0
ATGGC,0.0,0.0,0.0,0.0
GAATG,0.0,0.0,0.0,0.0
ATGCA,0.0,0.0,0.0,0.0
ATGCG,0.0,0.0,0.0,0.0
ATGCC,0.0,0.0,0.0,0.0
ATGCT,0.0,0.0,0.0,0.0
ATGTA,0.0,0.0,0.0,0.0
ATGTG,0.0,0.0,0.0,0.0
ATGTC,0.0,0.0,0.0,0.0
GGTAA,0.0,0.0,0.0,0.0
GCATG,0.0,0.0,0.0,0.0
GGCAT,0.0,0.0,0.0,0.0
TAATG,0.0,0.0,0.0,0.0
TAGGT,0.0,0.0,0.0,0.0
ATGTT,0.0,0.0,0.0,0.0
TCATG,0.0,0.0,0.0,0.0
GTCGG,0.0,0.0,0.0,0.0
TGATG,0.0,0.0,0.0,0.0
GATGG,0.0,0.0,0.0,0.0
GATGC,0.0,0.0,0.0,0.0
GATGT,0.0,0.0,0.0,0.0
TATAG,0.0,0.0,0.0,0.0
TATGA,0.0,0.0,0.0,0.0
TATGG,0.0,0.0,0.0,0.0
TATGC,0.0,0.0,0.0,0.0
TATGT,0.0,0.0,0.0,0.0
TTATG,0.0,0.0,0.0,0.0
GGATG,0.0,0.0,0.0,0.0
GTATG,0.0,0.0,0.0,0.0
CATGA,0.0,0.0,0.0,0.0
CATGC,0.0,0.0,0.0,0.0
CATGT,0.0,0.0,0.0,0.0
AATGC,0.0,0.0,0.0,0.0
AATGT,0.0,0.0,0.0,0.0
TTAAT,0.0,0.0,0.0,0.0
AATGA,0.0,0.0,0.0,0.0
AATGG,0.0,0.0,0.0,0.0
AGTAA,0.0,0.0,0.0,0.0
CAATG,0.0,0.0,0.0,0.0
CAGGC,0.0,0.0,0.0,0.0
ACATG,0.0,0.0,0.0,0.0
