kmer,frequency,occurrence,position,frequency_normalized,occurrence_normalized,combined_score
AAAA,3.0,0.6111111111111112,0.018612521150592216,0.5769230769230769,0.7857142857142858,1.3626373626373627
CCCC,5.2,0.2777777777777778,0.014664410603496898,1.0,0.35714285714285715,1.3571428571428572
TAAA,1.7857142857142858,0.7777777777777778,0.01410039481105471,0.3434065934065934,1.0,1.3434065934065935
TTTT,3.4444444444444446,0.5,0.01748448956570784,0.6623931623931624,0.6428571428571428,1.305250305250305
ATAA,1.4285714285714286,0.7777777777777778,0.011280315848843767,0.27472527472527475,1.0,1.2747252747252746
AATA,1.6153846153846154,0.7222222222222222,0.011844331641285956,0.3106508875739645,0.9285714285714285,1.239222316145393
AAAG,1.3076923076923077,0.7222222222222222,0.009588268471517203,0.2514792899408284,0.9285714285714285,1.1800507185122568
TGAA,1.5833333333333333,0.6666666666666666,0.01071630005640158,0.30448717948717946,0.8571428571428571,1.1616300366300365
TCTG,1.5,0.6666666666666666,0.01015228426395939,0.28846153846153844,0.8571428571428571,1.1456043956043955
TTAA,1.5454545454545454,0.6111111111111112,0.009588268471517203,0.2972027972027972,0.7857142857142858,1.082917082917083
CCCA,1.9,0.5555555555555556,0.01071630005640158,0.36538461538461536,0.7142857142857143,1.0796703296703296
CCCT,2.2222222222222223,0.5,0.011280315848843767,0.42735042735042733,0.6428571428571428,1.0702075702075702
CCTC,3.3333333333333335,0.3333333333333333,0.011280315848843767,0.6410256410256411,0.42857142857142855,1.0695970695970696
TCTT,1.2727272727272727,0.6111111111111112,0.007896221094190638,0.24475524475524474,0.7857142857142858,1.0304695304695306
GAAA,2.0,0.5,0.01015228426395939,0.3846153846153846,0.6428571428571428,1.0274725274725274
AAAT,2.0,0.5,0.01015228426395939,0.3846153846153846,0.6428571428571428,1.0274725274725274
TAAT,1.6,0.5555555555555556,0.009024252679075015,0.3076923076923077,0.7142857142857143,1.021978021978022
TTTA,1.6,0.5555555555555556,0.009024252679075015,0.3076923076923077,0.7142857142857143,1.021978021978022
ATTT,2.25,0.4444444444444444,0.01015228426395939,0.43269230769230765,0.5714285714285714,1.004120879120879
CTTT,1.5,0.5555555555555556,0.008460236886632826,0.28846153846153844,0.7142857142857143,1.0027472527472527
AAGT,1.0909090909090908,0.6111111111111112,0.00676818950930626,0.20979020979020976,0.7857142857142858,0.9955044955044956
TTCT,1.6666666666666667,0.5,0.008460236886632826,0.32051282051282054,0.6428571428571428,0.9633699633699633
ACCC,2.0,0.4444444444444444,0.009024252679075015,0.3846153846153846,0.5714285714285714,0.956043956043956
CTCT,2.0,0.4444444444444444,0.009024252679075015,0.3846153846153846,0.5714285714285714,0.956043956043956
CTGG,1.5555555555555556,0.5,0.007896221094190638,0.29914529914529914,0.6428571428571428,0.942002442002442
TTTG,1.5555555555555556,0.5,0.007896221094190638,0.29914529914529914,0.6428571428571428,0.942002442002442
TATT,1.875,0.4444444444444444,0.008460236886632826,0.3605769230769231,0.5714285714285714,0.9320054945054945
CCAG,1.75,0.4444444444444444,0.007896221094190638,0.3365384615384615,0.5714285714285714,0.9079670329670328
TTGA,1.75,0.4444444444444444,0.007896221094190638,0.3365384615384615,0.5714285714285714,0.9079670329670328
TTCC,1.75,0.4444444444444444,0.007896221094190638,0.3365384615384615,0.5714285714285714,0.9079670329670328
CTGA,1.3333333333333333,0.5,0.00676818950930626,0.2564102564102564,0.6428571428571428,0.8992673992673992
AAGA,1.3333333333333333,0.5,0.00676818950930626,0.2564102564102564,0.6428571428571428,0.8992673992673992
TGTT,1.3333333333333333,0.5,0.00676818950930626,0.2564102564102564,0.6428571428571428,0.8992673992673992
GCCC,2.0,0.3888888888888889,0.007896221094190638,0.3846153846153846,0.5,0.8846153846153846
TCCT,1.625,0.4444444444444444,0.007332205301748449,0.3125,0.5714285714285714,0.8839285714285714
CAGC,1.625,0.4444444444444444,0.007332205301748449,0.3125,0.5714285714285714,0.8839285714285714
AAAC,1.2222222222222223,0.5,0.006204173716864072,0.23504273504273504,0.6428571428571428,0.8778998778998779
CTCC,3.0,0.2222222222222222,0.00676818950930626,0.5769230769230769,0.2857142857142857,0.8626373626373626
TTGT,1.5,0.4444444444444444,0.00676818950930626,0.28846153846153844,0.5714285714285714,0.8598901098901098
GCTT,1.1111111111111112,0.5,0.0056401579244218835,0.21367521367521367,0.6428571428571428,0.8565323565323565
CCTT,2.1666666666666665,0.3333333333333333,0.007332205301748449,0.41666666666666663,0.42857142857142855,0.8452380952380951
GCTG,1.375,0.4444444444444444,0.006204173716864072,0.2644230769230769,0.5714285714285714,0.8358516483516483
GTCT,1.375,0.4444444444444444,0.006204173716864072,0.2644230769230769,0.5714285714285714,0.8358516483516483
TGCC,1.375,0.4444444444444444,0.006204173716864072,0.2644230769230769,0.5714285714285714,0.8358516483516483
AATT,1.7142857142857142,0.3888888888888889,0.00676818950930626,0.32967032967032966,0.5,0.8296703296703296
TCCC,2.0,0.3333333333333333,0.00676818950930626,0.3846153846153846,0.42857142857142855,0.8131868131868132
GGCT,1.25,0.4444444444444444,0.0056401579244218835,0.24038461538461536,0.5714285714285714,0.8118131868131868
TGTC,1.25,0.4444444444444444,0.0056401579244218835,0.24038461538461536,0.5714285714285714,0.8118131868131868
AACT,1.25,0.4444444444444444,0.0056401579244218835,0.24038461538461536,0.5714285714285714,0.8118131868131868
ATTA,1.25,0.4444444444444444,0.0056401579244218835,0.24038461538461536,0.5714285714285714,0.8118131868131868
CTGC,1.5714285714285714,0.3888888888888889,0.006204173716864072,0.3021978021978022,0.5,0.8021978021978022
TTAT,1.5714285714285714,0.3888888888888889,0.006204173716864072,0.3021978021978022,0.5,0.8021978021978022
CTTG,1.5714285714285714,0.3888888888888889,0.006204173716864072,0.3021978021978022,0.5,0.8021978021978022
AGGG,1.125,0.4444444444444444,0.005076142131979695,0.21634615384615383,0.5714285714285714,0.7877747252747253
CCAA,1.8333333333333333,0.3333333333333333,0.006204173716864072,0.35256410256410253,0.42857142857142855,0.781135531135531
TCCA,1.8333333333333333,0.3333333333333333,0.006204173716864072,0.35256410256410253,0.42857142857142855,0.781135531135531
AGAA,1.8333333333333333,0.3333333333333333,0.006204173716864072,0.35256410256410253,0.42857142857142855,0.781135531135531
CTTC,1.8333333333333333,0.3333333333333333,0.006204173716864072,0.35256410256410253,0.42857142857142855,0.781135531135531
AGCC,2.2,0.2777777777777778,0.006204173716864072,0.4230769230769231,0.35714285714285715,0.7802197802197802
GCCA,1.4285714285714286,0.3888888888888889,0.0056401579244218835,0.27472527472527475,0.5,0.7747252747252747
TGCT,1.4285714285714286,0.3888888888888889,0.0056401579244218835,0.27472527472527475,0.5,0.7747252747252747
GGCC,1.4285714285714286,0.3888888888888889,0.0056401579244218835,0.27472527472527475,0.5,0.7747252747252747
ATTG,1.4285714285714286,0.3888888888888889,0.0056401579244218835,0.27472527472527475,0.5,0.7747252747252747
TGAG,1.0,0.4444444444444444,0.0045121263395375075,0.1923076923076923,0.5714285714285714,0.7637362637362637
TTTC,1.6666666666666667,0.3333333333333333,0.0056401579244218835,0.32051282051282054,0.42857142857142855,0.7490842490842491
TGGG,1.2857142857142858,0.3888888888888889,0.005076142131979695,0.24725274725274726,0.5,0.7472527472527473
AACA,1.2857142857142858,0.3888888888888889,0.005076142131979695,0.24725274725274726,0.5,0.7472527472527473
TGGA,1.2857142857142858,0.3888888888888889,0.005076142131979695,0.24725274725274726,0.5,0.7472527472527473
TCTC,1.2857142857142858,0.3888888888888889,0.005076142131979695,0.24725274725274726,0.5,0.7472527472527473
AATG,1.2857142857142858,0.3888888888888889,0.005076142131979695,0.24725274725274726,0.5,0.7472527472527473
AATC,1.2857142857142858,0.3888888888888889,0.005076142131979695,0.24725274725274726,0.5,0.7472527472527473
TATA,2.6666666666666665,0.16666666666666666,0.0045121263395375075,0.5128205128205128,0.21428571428571427,0.7271062271062271
AAGG,1.1428571428571428,0.3888888888888889,0.0045121263395375075,0.21978021978021975,0.5,0.7197802197802198
ATCT,1.1428571428571428,0.3888888888888889,0.0045121263395375075,0.21978021978021975,0.5,0.7197802197802198
TTGC,1.1428571428571428,0.3888888888888889,0.0045121263395375075,0.21978021978021975,0.5,0.7197802197802198
ACTG,1.1428571428571428,0.3888888888888889,0.0045121263395375075,0.21978021978021975,0.5,0.7197802197802198
GTTT,1.1428571428571428,0.3888888888888889,0.0045121263395375075,0.21978021978021975,0.5,0.7197802197802198
AGTG,1.1428571428571428,0.3888888888888889,0.0045121263395375075,0.21978021978021975,0.5,0.7197802197802198
GCCT,1.5,0.3333333333333333,0.005076142131979695,0.28846153846153844,0.42857142857142855,0.7170329670329669
GGGG,1.5,0.3333333333333333,0.005076142131979695,0.28846153846153844,0.42857142857142855,0.7170329670329669
GTTC,1.5,0.3333333333333333,0.005076142131979695,0.28846153846153844,0.42857142857142855,0.7170329670329669
CCTG,1.5,0.3333333333333333,0.005076142131979695,0.28846153846153844,0.42857142857142855,0.7170329670329669
GAAT,1.5,0.3333333333333333,0.005076142131979695,0.28846153846153844,0.42857142857142855,0.7170329670329669
CTGT,1.5,0.3333333333333333,0.005076142131979695,0.28846153846153844,0.42857142857142855,0.7170329670329669
TGGC,1.8,0.2777777777777778,0.005076142131979695,0.34615384615384615,0.35714285714285715,0.7032967032967032
ATAT,1.8,0.2777777777777778,0.005076142131979695,0.34615384615384615,0.35714285714285715,0.7032967032967032
CACC,1.8,0.2777777777777778,0.005076142131979695,0.34615384615384615,0.35714285714285715,0.7032967032967032
CCAC,1.8,0.2777777777777778,0.005076142131979695,0.34615384615384615,0.35714285714285715,0.7032967032967032
ATGT,1.0,0.3888888888888889,0.003948110547095319,0.1923076923076923,0.5,0.6923076923076923
TACT,1.0,0.3888888888888889,0.003948110547095319,0.1923076923076923,0.5,0.6923076923076923
GGAG,1.3333333333333333,0.3333333333333333,0.0045121263395375075,0.2564102564102564,0.42857142857142855,0.684981684981685
AGAC,1.3333333333333333,0.3333333333333333,0.0045121263395375075,0.2564102564102564,0.42857142857142855,0.684981684981685
GATT,1.3333333333333333,0.3333333333333333,0.0045121263395375075,0.2564102564102564,0.42857142857142855,0.684981684981685
AACC,1.3333333333333333,0.3333333333333333,0.0045121263395375075,0.2564102564102564,0.42857142857142855,0.684981684981685
GTGG,1.3333333333333333,0.3333333333333333,0.0045121263395375075,0.2564102564102564,0.42857142857142855,0.684981684981685
GGGC,1.3333333333333333,0.3333333333333333,0.0045121263395375075,0.2564102564102564,0.42857142857142855,0.684981684981685
CTTA,2.0,0.2222222222222222,0.0045121263395375075,0.3846153846153846,0.2857142857142857,0.6703296703296703
CTAA,1.6,0.2777777777777778,0.0045121263395375075,0.3076923076923077,0.35714285714285715,0.6648351648351649
TCTA,1.6,0.2777777777777778,0.0045121263395375075,0.3076923076923077,0.35714285714285715,0.6648351648351649
CATC,1.6,0.2777777777777778,0.0045121263395375075,0.3076923076923077,0.35714285714285715,0.6648351648351649
GAGA,1.6,0.2777777777777778,0.0045121263395375075,0.3076923076923077,0.35714285714285715,0.6648351648351649
ACTT,1.6,0.2777777777777778,0.0045121263395375075,0.3076923076923077,0.35714285714285715,0.6648351648351649
TGGT,1.1666666666666667,0.3333333333333333,0.003948110547095319,0.22435897435897437,0.42857142857142855,0.6529304029304029
ATGG,1.1666666666666667,0.3333333333333333,0.003948110547095319,0.22435897435897437,0.42857142857142855,0.6529304029304029
ACTA,1.1666666666666667,0.3333333333333333,0.003948110547095319,0.22435897435897437,0.42857142857142855,0.6529304029304029
GAGG,1.4,0.2777777777777778,0.003948110547095319,0.2692307692307692,0.35714285714285715,0.6263736263736264
CATT,1.4,0.2777777777777778,0.003948110547095319,0.2692307692307692,0.35714285714285715,0.6263736263736264
CAAT,1.4,0.2777777777777778,0.003948110547095319,0.2692307692307692,0.35714285714285715,0.6263736263736264
CCAT,1.4,0.2777777777777778,0.003948110547095319,0.2692307692307692,0.35714285714285715,0.6263736263736264
GGAA,1.4,0.2777777777777778,0.003948110547095319,0.2692307692307692,0.35714285714285715,0.6263736263736264
AGGA,2.5,0.1111111111111111,0.0028200789622109417,0.4807692307692307,0.14285714285714285,0.6236263736263736
TGAT,1.75,0.2222222222222222,0.003948110547095319,0.3365384615384615,0.2857142857142857,0.6222527472527473
ACAT,1.75,0.2222222222222222,0.003948110547095319,0.3365384615384615,0.2857142857142857,0.6222527472527473
TAGA,1.75,0.2222222222222222,0.003948110547095319,0.3365384615384615,0.2857142857142857,0.6222527472527473
AGAG,1.75,0.2222222222222222,0.003948110547095319,0.3365384615384615,0.2857142857142857,0.6222527472527473
CAGG,1.0,0.3333333333333333,0.00338409475465313,0.1923076923076923,0.42857142857142855,0.6208791208791209
CACA,1.0,0.3333333333333333,0.00338409475465313,0.1923076923076923,0.42857142857142855,0.6208791208791209
CAAG,1.0,0.3333333333333333,0.00338409475465313,0.1923076923076923,0.42857142857142855,0.6208791208791209
TATG,1.0,0.3333333333333333,0.00338409475465313,0.1923076923076923,0.42857142857142855,0.6208791208791209
AGTA,1.0,0.3333333333333333,0.00338409475465313,0.1923076923076923,0.42857142857142855,0.6208791208791209
CTAT,1.0,0.3333333333333333,0.00338409475465313,0.1923076923076923,0.42857142857142855,0.6208791208791209
CAAC,1.0,0.3333333333333333,0.00338409475465313,0.1923076923076923,0.42857142857142855,0.6208791208791209
GAAG,1.0,0.3333333333333333,0.00338409475465313,0.1923076923076923,0.42857142857142855,0.6208791208791209
ACCT,2.0,0.16666666666666666,0.00338409475465313,0.3846153846153846,0.21428571428571427,0.5989010989010989
TGTA,1.2,0.2777777777777778,0.00338409475465313,0.23076923076923075,0.35714285714285715,0.5879120879120879
GGTT,1.2,0.2777777777777778,0.00338409475465313,0.23076923076923075,0.35714285714285715,0.5879120879120879
CATG,1.2,0.2777777777777778,0.00338409475465313,0.23076923076923075,0.35714285714285715,0.5879120879120879
AGTT,1.2,0.2777777777777778,0.00338409475465313,0.23076923076923075,0.35714285714285715,0.5879120879120879
GTCC,1.2,0.2777777777777778,0.00338409475465313,0.23076923076923075,0.35714285714285715,0.5879120879120879
AGGC,1.2,0.2777777777777778,0.00338409475465313,0.23076923076923075,0.35714285714285715,0.5879120879120879
TTAC,1.2,0.2777777777777778,0.00338409475465313,0.23076923076923075,0.35714285714285715,0.5879120879120879
GGGA,1.5,0.2222222222222222,0.00338409475465313,0.28846153846153844,0.2857142857142857,0.5741758241758241
CTAG,1.5,0.2222222222222222,0.00338409475465313,0.28846153846153844,0.2857142857142857,0.5741758241758241
GTGT,1.5,0.2222222222222222,0.00338409475465313,0.28846153846153844,0.2857142857142857,0.5741758241758241
AGCT,1.5,0.2222222222222222,0.00338409475465313,0.28846153846153844,0.2857142857142857,0.5741758241758241
ACAC,1.5,0.2222222222222222,0.00338409475465313,0.28846153846153844,0.2857142857142857,0.5741758241758241
TGTG,1.5,0.2222222222222222,0.00338409475465313,0.28846153846153844,0.2857142857142857,0.5741758241758241
ATAG,1.5,0.2222222222222222,0.00338409475465313,0.28846153846153844,0.2857142857142857,0.5741758241758241
GTAC,1.0,0.2777777777777778,0.0028200789622109417,0.1923076923076923,0.35714285714285715,0.5494505494505495
AGCA,1.0,0.2777777777777778,0.0028200789622109417,0.1923076923076923,0.35714285714285715,0.5494505494505495
TCAA,1.0,0.2777777777777778,0.0028200789622109417,0.1923076923076923,0.35714285714285715,0.5494505494505495
ACAG,1.0,0.2777777777777778,0.0028200789622109417,0.1923076923076923,0.35714285714285715,0.5494505494505495
ACTC,1.0,0.2777777777777778,0.0028200789622109417,0.1923076923076923,0.35714285714285715,0.5494505494505495
CACT,1.0,0.2777777777777778,0.0028200789622109417,0.1923076923076923,0.35714285714285715,0.5494505494505495
ATGA,1.0,0.2777777777777778,0.0028200789622109417,0.1923076923076923,0.35714285714285715,0.5494505494505495
GTAA,1.0,0.2777777777777778,0.0028200789622109417,0.1923076923076923,0.35714285714285715,0.5494505494505495
TTCA,1.0,0.2777777777777778,0.0028200789622109417,0.1923076923076923,0.35714285714285715,0.5494505494505495
GACT,1.0,0.2777777777777778,0.0028200789622109417,0.1923076923076923,0.35714285714285715,0.5494505494505495
TTGG,1.6666666666666667,0.16666666666666666,0.0028200789622109417,0.32051282051282054,0.21428571428571427,0.5347985347985348
CTCA,1.6666666666666667,0.16666666666666666,0.0028200789622109417,0.32051282051282054,0.21428571428571427,0.5347985347985348
ATCA,1.6666666666666667,0.16666666666666666,0.0028200789622109417,0.32051282051282054,0.21428571428571427,0.5347985347985348
CCTA,1.6666666666666667,0.16666666666666666,0.0028200789622109417,0.32051282051282054,0.21428571428571427,0.5347985347985348
GGTA,2.0,0.1111111111111111,0.0022560631697687537,0.3846153846153846,0.14285714285714285,0.5274725274725274
TGCA,1.25,0.2222222222222222,0.0028200789622109417,0.24038461538461536,0.2857142857142857,0.526098901098901
TCAC,1.25,0.2222222222222222,0.0028200789622109417,0.24038461538461536,0.2857142857142857,0.526098901098901
TCAT,1.25,0.2222222222222222,0.0028200789622109417,0.24038461538461536,0.2857142857142857,0.526098901098901
TACC,1.25,0.2222222222222222,0.0028200789622109417,0.24038461538461536,0.2857142857142857,0.526098901098901
CTCG,1.25,0.2222222222222222,0.0028200789622109417,0.24038461538461536,0.2857142857142857,0.526098901098901
TAAC,1.25,0.2222222222222222,0.0028200789622109417,0.24038461538461536,0.2857142857142857,0.526098901098901
GCTA,1.25,0.2222222222222222,0.0028200789622109417,0.24038461538461536,0.2857142857142857,0.526098901098901
GAAC,1.25,0.2222222222222222,0.0028200789622109417,0.24038461538461536,0.2857142857142857,0.526098901098901
GATA,1.25,0.2222222222222222,0.0028200789622109417,0.24038461538461536,0.2857142857142857,0.526098901098901
GTAT,1.25,0.2222222222222222,0.0028200789622109417,0.24038461538461536,0.2857142857142857,0.526098901098901
GAGT,1.25,0.2222222222222222,0.0028200789622109417,0.24038461538461536,0.2857142857142857,0.526098901098901
TAGC,1.25,0.2222222222222222,0.0028200789622109417,0.24038461538461536,0.2857142857142857,0.526098901098901
ATGC,1.25,0.2222222222222222,0.0028200789622109417,0.24038461538461536,0.2857142857142857,0.526098901098901
GGGT,1.25,0.2222222222222222,0.0028200789622109417,0.24038461538461536,0.2857142857142857,0.526098901098901
GGTC,1.0,0.2222222222222222,0.0022560631697687537,0.1923076923076923,0.2857142857142857,0.478021978021978
GTTA,1.0,0.2222222222222222,0.0022560631697687537,0.1923076923076923,0.2857142857142857,0.478021978021978
TTAG,1.0,0.2222222222222222,0.0022560631697687537,0.1923076923076923,0.2857142857142857,0.478021978021978
GGTG,1.0,0.2222222222222222,0.0022560631697687537,0.1923076923076923,0.2857142857142857,0.478021978021978
GAGC,1.0,0.2222222222222222,0.0022560631697687537,0.1923076923076923,0.2857142857142857,0.478021978021978
AGAT,1.0,0.2222222222222222,0.0022560631697687537,0.1923076923076923,0.2857142857142857,0.478021978021978
TAGT,1.0,0.2222222222222222,0.0022560631697687537,0.1923076923076923,0.2857142857142857,0.478021978021978
ATTC,1.0,0.2222222222222222,0.0022560631697687537,0.1923076923076923,0.2857142857142857,0.478021978021978
ACAA,1.0,0.2222222222222222,0.0022560631697687537,0.1923076923076923,0.2857142857142857,0.478021978021978
TACA,1.0,0.2222222222222222,0.0022560631697687537,0.1923076923076923,0.2857142857142857,0.478021978021978
AGTC,1.0,0.2222222222222222,0.0022560631697687537,0.1923076923076923,0.2857142857142857,0.478021978021978
CTAC,1.3333333333333333,0.16666666666666666,0.0022560631697687537,0.2564102564102564,0.21428571428571427,0.4706959706959707
ATCC,1.3333333333333333,0.16666666666666666,0.0022560631697687537,0.2564102564102564,0.21428571428571427,0.4706959706959707
CCCG,1.3333333333333333,0.16666666666666666,0.0022560631697687537,0.2564102564102564,0.21428571428571427,0.4706959706959707
GTTG,1.3333333333333333,0.16666666666666666,0.0022560631697687537,0.2564102564102564,0.21428571428571427,0.4706959706959707
GCAT,1.3333333333333333,0.16666666666666666,0.0022560631697687537,0.2564102564102564,0.21428571428571427,0.4706959706959707
GGAT,1.3333333333333333,0.16666666666666666,0.0022560631697687537,0.2564102564102564,0.21428571428571427,0.4706959706959707
CCGT,1.3333333333333333,0.16666666666666666,0.0022560631697687537,0.2564102564102564,0.21428571428571427,0.4706959706959707
GGAC,2.0,0.05555555555555555,0.0011280315848843769,0.3846153846153846,0.07142857142857142,0.456043956043956
GATG,1.5,0.1111111111111111,0.001692047377326565,0.28846153846153844,0.14285714285714285,0.4313186813186813
CGGT,1.5,0.1111111111111111,0.001692047377326565,0.28846153846153844,0.14285714285714285,0.4313186813186813
TCGG,1.5,0.1111111111111111,0.001692047377326565,0.28846153846153844,0.14285714285714285,0.4313186813186813
ACCA,1.0,0.16666666666666666,0.001692047377326565,0.1923076923076923,0.21428571428571427,0.4065934065934066
GGCA,1.0,0.16666666666666666,0.001692047377326565,0.1923076923076923,0.21428571428571427,0.4065934065934066
TCAG,1.0,0.16666666666666666,0.001692047377326565,0.1923076923076923,0.21428571428571427,0.4065934065934066
CAGT,1.0,0.16666666666666666,0.001692047377326565,0.1923076923076923,0.21428571428571427,0.4065934065934066
TAAG,1.0,0.16666666666666666,0.001692047377326565,0.1923076923076923,0.21428571428571427,0.4065934065934066
CAAA,1.0,0.16666666666666666,0.001692047377326565,0.1923076923076923,0.21428571428571427,0.4065934065934066
GACC,1.0,0.16666666666666666,0.001692047377326565,0.1923076923076923,0.21428571428571427,0.4065934065934066
GTGA,1.0,0.16666666666666666,0.001692047377326565,0.1923076923076923,0.21428571428571427,0.4065934065934066
GCAA,1.0,0.16666666666666666,0.001692047377326565,0.1923076923076923,0.21428571428571427,0.4065934065934066
GTGC,1.0,0.16666666666666666,0.001692047377326565,0.1923076923076923,0.21428571428571427,0.4065934065934066
GCTC,1.0,0.16666666666666666,0.001692047377326565,0.1923076923076923,0.21428571428571427,0.4065934065934066
AGGT,1.0,0.16666666666666666,0.001692047377326565,0.1923076923076923,0.21428571428571427,0.4065934065934066
GTAG,1.0,0.1111111111111111,0.0011280315848843769,0.1923076923076923,0.14285714285714285,0.33516483516483514
GCAG,1.0,0.1111111111111111,0.0011280315848843769,0.1923076923076923,0.14285714285714285,0.33516483516483514
TCGC,1.0,0.1111111111111111,0.0011280315848843769,0.1923076923076923,0.14285714285714285,0.33516483516483514
GCAC,1.0,0.1111111111111111,0.0011280315848843769,0.1923076923076923,0.14285714285714285,0.33516483516483514
ATCG,1.0,0.1111111111111111,0.0011280315848843769,0.1923076923076923,0.14285714285714285,0.33516483516483514
CGAA,1.0,0.1111111111111111,0.0011280315848843769,0.1923076923076923,0.14285714285714285,0.33516483516483514
CATA,1.0,0.1111111111111111,0.0011280315848843769,0.1923076923076923,0.14285714285714285,0.33516483516483514
CGCT,1.0,0.1111111111111111,0.0011280315848843769,0.1923076923076923,0.14285714285714285,0.33516483516483514
GACA,1.0,0.1111111111111111,0.0011280315848843769,0.1923076923076923,0.14285714285714285,0.33516483516483514
TAGG,1.0,0.1111111111111111,0.0011280315848843769,0.1923076923076923,0.14285714285714285,0.33516483516483514
CAGA,1.0,0.1111111111111111,0.0011280315848843769,0.1923076923076923,0.14285714285714285,0.33516483516483514
CGTG,1.0,0.1111111111111111,0.0011280315848843769,0.1923076923076923,0.14285714285714285,0.33516483516483514
GTCA,1.0,0.1111111111111111,0.0011280315848843769,0.1923076923076923,0.14285714285714285,0.33516483516483514
TATC,1.0,0.1111111111111111,0.0011280315848843769,0.1923076923076923,0.14285714285714285,0.33516483516483514
CGTA,1.0,0.05555555555555555,0.0005640157924421884,0.1923076923076923,0.07142857142857142,0.2637362637362637
GCGG,1.0,0.05555555555555555,0.0005640157924421884,0.1923076923076923,0.07142857142857142,0.2637362637362637
ACGA,1.0,0.05555555555555555,0.0005640157924421884,0.1923076923076923,0.07142857142857142,0.2637362637362637
GCGA,1.0,0.05555555555555555,0.0005640157924421884,0.1923076923076923,0.07142857142857142,0.2637362637362637
CGGC,1.0,0.05555555555555555,0.0005640157924421884,0.1923076923076923,0.07142857142857142,0.2637362637362637
ATAC,1.0,0.05555555555555555,0.0005640157924421884,0.1923076923076923,0.07142857142857142,0.2637362637362637
CGAG,1.0,0.05555555555555555,0.0005640157924421884,0.1923076923076923,0.07142857142857142,0.2637362637362637
CACG,1.0,0.05555555555555555,0.0005640157924421884,0.1923076923076923,0.07142857142857142,0.2637362637362637
TGCG,1.0,0.05555555555555555,0.0005640157924421884,0.1923076923076923,0.07142857142857142,0.2637362637362637
CGTC,1.0,0.05555555555555555,0.0005640157924421884,0.1923076923076923,0.07142857142857142,0.2637362637362637
TCGA,1.0,0.05555555555555555,0.0005640157924421884,0.1923076923076923,0.07142857142857142,0.2637362637362637
TCGT,1.0,0.05555555555555555,0.0005640157924421884,0.1923076923076923,0.07142857142857142,0.2637362637362637
GGCG,1.0,0.05555555555555555,0.0005640157924421884,0.1923076923076923,0.07142857142857142,0.2637362637362637
CGTT,1.0,0.05555555555555555,0.0005640157924421884,0.1923076923076923,0.07142857142857142,0.2637362637362637
CGCC,0.0,0.0,0.0,0.0,0.0,0.0
GACG,0.0,0.0,0.0,0.0,0.0,0.0
GCCG,0.0,0.0,0.0,0.0,0.0,0.0
AACG,0.0,0.0,0.0,0.0,0.0,0.0
CGCG,0.0,0.0,0.0,0.0,0.0,0.0
CGCA,0.0,0.0,0.0,0.0,0.0,0.0
GATC,0.0,0.0,0.0,0.0,0.0,0.0
CGAC,0.0,0.0,0.0,0.0,0.0,0.0
CGAT,0.0,0.0,0.0,0.0,0.0,0.0
ACCG,0.0,0.0,0.0,0.0,0.0,0.0
TACG,0.0,0.0,0.0,0.0,0.0,0.0
GTCG,0.0,0.0,0.0,0.0,0.0,0.0
GCGT,0.0,0.0,0.0,0.0,0.0,0.0
GCGC,0.0,0.0,0.0,0.0,0.0,0.0
CGGG,0.0,0.0,0.0,0.0,0.0,0.0
CCGC,0.0,0.0,0.0,0.0,0.0,0.0
CGGA,0.0,0.0,0.0,0.0,0.0,0.0
TGAC,0.0,0.0,0.0,0.0,0.0,0.0
CCGG,0.0,0.0,0.0,0.0,0.0,0.0
CCGA,0.0,0.0,0.0,0.0,0.0,0.0
ACGC,0.0,0.0,0.0,0.0,0.0,0.0
ACGG,0.0,0.0,0.0,0.0,0.0,0.0
ACGT,0.0,0.0,0.0,0.0,0.0,0.0
AGCG,0.0,0.0,0.0,0.0,0.0,0.0
TTCG,0.0,0.0,0.0,0.0,0.0,0.0
TCCG,0.0,0.0,0.0,0.0,0.0,0.0
AAGC,0.0,0.0,0.0,0.0,0.0,0.0
